match_id,date,time_of_day,day_of_week,patch,is_new_patch,map,starting_side,games_played_today,ally_net_winstreak,ally_avg_rank,ally_avg_acs,ally_avg_kd,ally_avg_eco,ally_num_duelists,ally_num_initiators,ally_num_controllers,ally_num_sentinels,ally_has_healer,enemy_avg_rank,enemy_avg_acs,enemy_avg_kd,enemy_avg_eco,enemy_num_duelists,enemy_num_initiators,enemy_num_controllers,enemy_num_sentinels,enemy_has_healer,enemy_smurf_suspected,delta_rank,delta_acs,delta_kd,delta_eco,won,queue_wait_seconds,ally_is_premade,ally_agents,ally_is_comp_standard,ally_avg_rr,ally_rank_spread,tilt_flag,enemy_agents,enemy_is_premade,enemy_premade_size,enemy_avg_rr,enemy_rank_spread,delta_rr,rounds_won,rounds_lost,round_margin
e979b174-6dc7-40e0-b895-1d978991b018,2025-11-11,evening,Tuesday,release-11.09-shipping-6-3920876,,Pearl,defense,1,0,10.00,176.16,0.72,3213.00,2,1,1,1,no,10.60,241.65,1.42,3570.50,2,1,1,1,no,,-0.60,-65.49,-0.70,-357.50,no,,yes,Cypher|Astra|Phoenix|Tejo|Reyna,,56.40,4,,Sova|Raze|Jett|Deadlock|Harbor,yes,5,,3,,7,13,-6
ffe9df5d-ed09-4d6f-b3ed-e81c589bbf6f,2026-01-15,afternoon,Thursday,release-12.00-shipping-30-4183428,,Pearl,attack,1,-1,10.60,211.82,1.12,3810.77,2,2,1,0,no,9.60,195.30,0.90,3546.54,2,1,1,1,no,,1.00,16.52,0.22,264.23,yes,,yes,Reyna|Fade|Omen|Gekko|Phoenix,,44.40,2,,Jett|Clove|Reyna|Chamber|Fade,yes,5,,16,,14,12,2
04938920-ca9b-4449-b586-dc3a5b32f8b7,2026-01-18,evening,Sunday,release-12.00-shipping-30-4183428,,Bind,attack,1,1,12.00,198.49,0.89,3483.64,2,2,1,0,no,11.80,220.30,1.13,3681.82,2,0,1,2,yes,,0.20,-21.81,-0.24,-198.18,no,,yes,Sova|Reyna|Omen|Gekko|Iso,,44.40,3,,Sage|Killjoy|Jett|Clove|Reyna,yes,5,,3,,9,13,-4
87ea0225-d723-4175-9f42-e0774bab10fe,2026-02-05,afternoon,Thursday,release-12.02-shipping-9-4226954,,Breeze,defense,1,-1,10.80,233.95,1.28,3847.50,2,1,1,1,yes,10.80,196.33,0.79,3161.00,2,0,1,2,no,,0.00,37.62,0.49,686.50,yes,,yes,Sova|Sage|Reyna|Neon|Omen,,49.60,7,,Reyna|Chamber|Astra|Deadlock|Iso,yes,5,,9,,13,7,6
4cbf5569-ad02-4438-96b6-759cfcfabe2b,2026-02-09,evening,Monday,release-12.02-shipping-9-4226954,,Pearl,defense,1,1,11.20,216.43,1.04,3690.42,2,1,1,1,yes,10.80,208.22,1.01,3576.67,0,1,1,2,yes,,0.40,8.22,0.03,113.75,yes,,yes,Fade|Reyna|Omen|Sage|Neon,,49.60,8,,Omen|Waylay|Sage|Sova|Chamber,yes,5,,7,,13,11,2
175527bf-3642-4c70-8fb6-a9299be0185a,2026-02-15,evening,Sunday,release-12.02-shipping-9-4226954,,Bind,attack,1,2,12.20,210.19,0.82,3367.00,1,1,1,2,yes,9.20,236.56,1.34,3722.50,1,1,1,2,yes,,3.00,-26.37,-0.52,-355.50,no,,yes,Reyna|Skye|Cypher|Sage|Brimstone,,44.40,2,,Reyna|Chamber|Clove|Gekko|Sage,yes,5,,19,,7,13,-6
68ea74a2-01bf-402e-b210-04514c12471c,2026-02-20,afternoon,Friday,release-12.03-shipping-18-4261391,,Corrode,attack,1,-1,11.00,216.65,0.92,3365.00,1,1,1,2,yes,10.00,231.95,1.15,3759.55,2,0,1,2,yes,,1.00,-15.30,-0.23,-394.55,no,,yes,Cypher|Breach|Omen|Sage|Reyna,,39.80,6,,Clove|Chamber|Jett|Reyna|Sage,yes,5,,3,,9,13,-4
53c8e47f-f62b-463a-b3bc-1d3ca71d5917,2026-02-23,afternoon,Monday,release-12.03-shipping-18-4261391,,Haven,defense,1,-2,12.60,199.32,0.93,3457.27,1,1,2,1,no,12.40,216.08,1.10,3567.27,2,1,1,1,yes,,0.20,-16.76,-0.17,-110.00,no,,yes,Jett|Clove|Cypher|Harbor|Sova,,44.40,2,,Omen|Sage|Raze|Reyna|Sova,yes,5,,4,,9,13,-4
2c19ecf1-09a0-4d33-a52a-9bf233a73ebc,2026-02-28,evening,Saturday,release-12.03-shipping-20-4322591,,Breeze,defense,1,-3,11.40,230.47,1.41,3938.50,1,1,1,2,no,11.20,181.21,0.74,3451.00,1,0,1,2,no,,0.20,49.26,0.68,487.50,yes,,yes,Cypher|Chamber|Omen|Sova|Reyna,,31.60,8,,Chamber|Clove|KAY/O|Cypher|Yoru,yes,5,,7,,13,7,6
af4d55f6-b0cb-4a5e-b6eb-f6ef94a38986,2026-03-17,evening,Tuesday,release-12.04-shipping-24-4354757,,Breeze,attack,1,1,12.20,230.12,3.34,3662.31,2,1,2,0,no,11.40,119.42,0.39,2508.46,2,1,1,1,no,,0.80,110.71,2.95,1153.85,yes,,yes,Phoenix|Clove|Sova|Harbor|Reyna,,54.40,6,,Chamber|Neon|Gekko|Reyna|Clove,yes,5,,5,,11,0,11
cc5f54f5-0c90-4114-bda6-85804f4450fd,2026-03-18,evening,Wednesday,release-12.05-shipping-22-4360629,,Split,attack,1,2,13.00,228.45,1.11,3849.46,1,1,2,0,no,9.00,218.75,1.01,3413.04,3,0,1,1,yes,,4.00,9.69,0.10,436.41,yes,,yes,Omen|Gekko|Viper|Reyna,,33.00,3,,Phoenix|Jett|Sage|Veto|Phoenix|Omen,no,5,,14,,13,10,3
15a9650a-09f6-461c-a3eb-c673e3f378f3,2026-04-01,evening,Wednesday,release-12.06-shipping-19-4440219,,Lotus,defense,1,3,12.20,225.52,1.13,3795.38,1,1,2,0,no,12.80,200.29,0.90,3550.77,2,1,0,1,no,,-0.60,25.23,0.23,244.62,yes,,yes,Reyna|Miks|Omen|Fade|Harbor,,49.60,9,,Miks|Jett|Gekko|Reyna|Chamber,yes,5,,7,,14,12,2
b95cc447-5da8-44dd-a9b1-ad23e2e60180,2026-04-03,evening,Friday,release-12.06-shipping-19-4440219,,Fracture,defense,1,4,13.67,201.68,1.01,4003.97,2,0,0,0,no,12.57,215.46,1.05,3544.56,2,1,1,3,no,,1.10,-13.77,-0.03,459.41,yes,,yes,Miks|Reyna|Raze,,49.67,4,,Chamber|Jett|Reyna|Omen|Gekko|Chamber|Cypher,no,3,,6,,13,8,5
461d8f2e-db9d-4a4f-af27-06d9d3e18437,2026-04-07,evening,Tuesday,release-12.06-shipping-19-4440219,,Pearl,attack,1,5,13.20,216.50,1.13,3671.54,2,1,0,1,no,12.00,201.40,0.91,3620.38,2,1,1,1,no,,1.20,15.10,0.22,51.15,no,,yes,Cypher|Fade|Miks|Neon|Reyna,,44.40,3,,Tejo|Phoenix|Omen|Jett|Chamber,yes,5,,2,,12,14,-2
d1b2fa73-2fd3-4145-a1e8-ae5dd8d4ce2b,2026-04-10,afternoon,Friday,release-12.06-shipping-19-4440219,,Haven,attack,1,-1,13.40,246.55,2.10,3720.00,2,1,0,1,no,13.60,151.18,0.51,2848.12,2,1,1,1,no,,-0.20,95.38,1.59,871.88,yes,,yes,Reyna|Neon|Sova|Miks|Cypher,,44.40,4,,Reyna|Tejo|Brimstone|Cypher|Jett,yes,5,,3,,13,3,10
15681837-7ada-4716-9e31-8a617be9bbe7,2026-04-10,evening,Friday,release-12.06-shipping-19-4440219,,Breeze,defense,2,1,13.60,203.24,1.04,3681.54,2,1,0,1,no,13.00,211.53,1.06,3791.92,1,1,2,1,no,,0.60,-8.29,-0.01,-110.38,yes,,yes,Reyna|Sova|Neon|Miks|Cypher,,44.40,3,,Chamber|Harbor|Sova|Raze|Clove,yes,5,,9,,14,12,2
c7e43203-159d-45cd-9401-f58fce4ec5e4,2026-04-16,afternoon,Thursday,release-12.07-shipping-9-4488404,,Split,attack,1,2,13.80,230.74,1.35,3773.00,1,1,1,1,yes,13.60,192.76,0.77,3212.00,1,1,1,2,yes,,0.20,37.98,0.58,561.00,yes,,yes,Reyna|Miks|Sage|Gekko|Viper,,44.40,3,,Sova|Cypher|Clove|Phoenix|Sage,yes,5,,3,,13,7,6
55cf6670-f5b2-430c-bfdb-214a78df6bba,2026-05-01,evening,Friday,release-12.08-shipping-7-4578383,,Split,attack,1,3,12.60,232.27,1.23,3600.95,1,1,1,1,yes,14.00,207.77,0.85,3399.52,2,1,1,1,yes,,-1.40,24.50,0.38,201.43,yes,,yes,Reyna|Viper|Miks|Gekko|Sage,,35.00,9,,Raze|Sage|Clove|Breach|Phoenix,yes,5,,7,,13,8,5
b820e114-76b4-4553-9026-0dd9cec5dced,2026-05-10,afternoon,Sunday,release-12.08-shipping-7-4578383,,Pearl,defense,1,4,12.00,222.09,1.01,3695.42,1,1,0,2,yes,12.00,218.07,1.02,3458.33,1,1,0,2,yes,,0.00,4.02,-0.00,237.08,yes,,yes,Reyna|Sage|Miks|Cypher|Fade,,35.00,8,,Reyna|Chamber|Miks|Breach|Sage,yes,5,,7,,13,11,2
8adc2f1d-2d16-4f35-9c68-6776fc6057fa,2026-05-10,evening,Sunday,release-12.08-shipping-7-4578383,,Haven,defense,2,5,12.00,193.85,0.71,2998.75,1,1,0,2,yes,9.20,236.94,1.51,3640.62,1,0,0,2,no,,2.80,-43.09,-0.79,-641.88,no,,yes,Sage|Sova|Reyna|Miks|Cypher,,35.00,8,,Deadlock|Reyna|Miks|KAY/O|Chamber,yes,5,,13,,3,13,-10
d711307c-4276-48cd-a3c2-59ff08cabd11,2026-05-11,afternoon,Monday,release-12.08-shipping-7-4578383,,Pearl,attack,1,-1,12.00,220.91,1.29,3759.05,1,1,0,2,no,11.80,187.84,0.78,3277.14,1,1,1,1,no,,0.20,33.08,0.51,481.90,yes,,yes,Killjoy|Cypher|Fade|Phoenix|Miks,,43.40,8,,Chamber|Waylay|Fade|Reyna|Brimstone,yes,5,,7,,13,8,5
287bfd5a-9674-4b31-b442-77bf0589d641,2026-05-11,evening,Monday,release-12.08-shipping-7-4578383,,Lotus,attack,2,1,12.00,211.29,1.70,3596.25,1,2,1,0,no,11.20,169.11,0.68,2700.00,2,1,1,1,yes,,0.80,42.17,1.02,896.25,yes,,yes,Breach|Viper|Fade|Iso|Miks,,43.40,8,,Jett|Sage|Breach|Omen|Raze,yes,5,,4,,13,3,10
ee11ffd1-9ce0-47a4-a1a9-946771b2eb41,2026-05-12,afternoon,Tuesday,release-12.08-shipping-7-4578383,,Split,defense,1,2,13.20,231.98,1.59,3717.22,1,1,1,1,yes,12.60,182.09,0.68,3041.11,2,1,1,1,yes,,0.60,49.89,0.91,676.11,yes,,yes,Gekko|Sage|Miks|Viper|Reyna,,44.40,3,,Tejo|Phoenix|Jett|Sage|Brimstone,yes,5,,4,,13,5,8
fca76a7a-9d21-47b8-9024-2ea72715d749,2026-05-12,evening,Tuesday,release-12.08-shipping-7-4578383,,Fracture,attack,2,3,13.80,208.64,0.93,3743.08,1,2,0,1,no,14.00,219.43,1.11,4054.23,1,1,1,2,yes,,-0.20,-10.79,-0.18,-311.15,no,,yes,Tejo|Gekko|Killjoy|Miks|Reyna,,44.40,4,,Tejo|Jett|Omen|Vyse|Sage,yes,5,,8,,12,14,-2
afeccac3-7185-44a9-88f7-12fa4cc700f2,2026-05-13,afternoon,Wednesday,release-12.09-shipping-22-4651524,,Lotus,attack,1,-1,12.40,235.89,1.10,3764.55,1,1,0,2,yes,12.20,217.22,0.92,3463.18,1,1,1,2,yes,,0.20,18.67,0.17,301.36,yes,,yes,Fade|Sage|Reyna|Cypher|Miks,,35.00,9,,Skye|Jett|Sage|Clove|Vyse,yes,5,,5,,13,9,4
12d85efe-82cc-4ca9-8ce2-6ef85aa90620,2026-05-13,evening,Wednesday,release-12.09-shipping-22-4651524,,Haven,attack,2,1,12.40,240.28,1.92,4033.89,2,1,0,1,no,12.60,163.46,0.64,3021.11,2,0,0,2,yes,,-0.20,76.82,1.28,1012.78,yes,,yes,Sova|Reyna|Cypher|Phoenix|Miks,,35.00,9,,Sage|Cypher|Reyna|Miks|Phoenix,yes,5,,5,,13,5,8
4e85121f-27a1-46c9-ba22-9c5606df73bd,2026-05-14,afternoon,Thursday,release-12.09-shipping-22-4651524,,Pearl,defense,1,2,12.80,208.28,0.98,3564.17,2,1,0,1,no,10.80,217.80,1.06,3654.58,3,1,1,0,no,,2.00,-9.53,-0.07,-90.42,no,,yes,Fade|Phoenix|Miks|Cypher|Reyna,,35.00,8,,Tejo|Iso|Reyna|Phoenix|Astra,yes,5,,7,,11,13,-2
60ecab73-ff7d-454f-8068-5f7cdcfb084b,2026-05-14,evening,Thursday,release-12.09-shipping-22-4651524,,Split,defense,2,-1,12.80,241.91,1.45,3705.88,1,1,1,1,yes,11.00,201.61,0.75,3296.47,2,0,1,2,yes,,1.80,40.29,0.69,409.41,yes,,yes,Viper|Gekko|Reyna|Miks|Sage,,35.00,8,,Raze|Omen|Deadlock|Sage|Reyna,yes,5,,7,,13,4,9
1f81ddd0-26fc-48d0-8710-0a53d98cfa5c,2026-05-15,afternoon,Friday,release-12.09-shipping-25-4697179,,Haven,attack,1,1,12.60,209.01,1.10,3765.00,1,1,0,2,yes,11.80,200.29,0.93,3255.50,2,1,1,1,yes,,0.80,8.72,0.17,509.50,yes,,yes,Reyna|Sova|Sage|Miks|Cypher,,35.00,8,,Sage|Jett|Omen|Raze|Skye,yes,5,,16,,13,7,6
f8b9a327-2aca-4cf5-b407-2347a02be995,2026-05-15,evening,Friday,release-12.09-shipping-25-4697179,,Lotus,attack,2,2,12.60,240.19,1.01,3392.17,1,1,0,2,yes,14.40,235.50,1.01,3493.04,1,2,1,1,yes,,-1.80,4.69,0.00,-100.87,no,,yes,Reyna|Fade|Miks|Cypher|Sage,,35.00,8,,Clove|Fade|Reyna|Breach|Sage,yes,5,,6,,10,13,-3
99214bf1-3d24-4030-83ff-b3b3780a9cea,2026-05-16,afternoon,Saturday,release-12.09-shipping-25-4697179,,Pearl,attack,1,-1,14.00,232.45,1.67,3785.88,2,1,0,1,no,14.40,169.81,0.63,2895.88,2,1,0,1,no,,-0.40,62.64,1.04,890.00,yes,,yes,Cypher|Miks|Phoenix|Fade|Reyna,,44.40,3,,Sova|Chamber|Neon|Miks|Reyna,yes,5,,3,,13,4,9
5a4e987b-3b8d-42a5-9723-e1abf7d8c761,2026-05-16,evening,Saturday,release-12.09-shipping-25-4697179,,Ascent,defense,2,1,14.00,217.86,1.08,3822.92,2,1,0,1,no,13.20,206.41,0.95,3620.42,2,1,1,1,no,,0.80,11.45,0.13,202.50,no,,yes,Cypher|Phoenix|Sova|Reyna|Miks,,44.40,3,,Jett|Chamber|Reyna|Clove|Sova,yes,5,,4,,11,13,-2
bf76c7df-a75d-4e6e-8ea1-7381a92ffc1e,2026-05-16,evening,Saturday,release-12.09-shipping-25-4697179,,Lotus,defense,3,-1,14.00,207.88,0.88,3485.83,1,1,0,2,no,14.80,225.57,1.15,3423.75,2,1,1,1,yes,,-0.80,-17.69,-0.27,62.08,no,,yes,Fade|Miks|Reyna|Cypher|Killjoy,,44.40,3,,Breach|Reyna|Sage|Omen|Jett,yes,5,,5,,11,13,-2
d056f2e8-6f38-40c1-b4c6-ff713c6a72b0,2026-05-17,afternoon,Sunday,release-12.09-shipping-25-4697179,,Fracture,attack,1,-2,14.00,176.22,0.60,3003.89,1,2,0,1,no,11.40,259.41,1.73,3712.78,2,1,0,1,no,,2.60,-83.19,-1.13,-708.89,no,,yes,Cypher|Breach|Miks|Tejo|Reyna,,44.40,3,,Miks|Phoenix|Cypher|Gekko|Raze,yes,5,,15,,5,13,-8
75e7bc09-7962-4b60-aadd-22462d835e77,2026-05-17,evening,Sunday,release-12.09-shipping-25-4697179,,Pearl,attack,2,-3,14.00,221.08,1.03,3804.62,1,2,1,1,yes,13.40,220.33,0.96,3566.92,2,1,1,1,yes,,0.60,0.75,0.07,237.69,yes,,yes,Gekko|Sage|Brimstone|Phoenix|Fade,,44.40,3,,Reyna|Vyse|Raze|Skye|Clove,yes,5,,7,,14,12,2
82b19e9e-4973-4baf-a71e-b2730adef077,2026-05-17,evening,Sunday,release-12.09-shipping-25-4697179,,Split,attack,3,1,14.00,171.96,0.63,3084.44,1,1,1,1,yes,14.00,251.51,1.82,3777.78,2,0,0,2,yes,,0.00,-79.56,-1.19,-693.33,no,,yes,Gekko|Sage|Miks|Viper|Reyna,,44.40,3,,Sage|Miks|Deadlock|Jett|Raze,yes,5,,3,,5,13,-8
7a38bb59-8706-42b2-845c-5896b02c12e7,2026-05-18,afternoon,Monday,release-12.09-shipping-25-4697179,,Split,defense,1,-1,14.00,226.56,1.02,3597.50,1,1,1,1,yes,9.60,219.79,1.01,3599.17,2,0,1,2,yes,,4.40,6.77,0.00,-1.67,yes,,yes,Viper|Raze|Miks|Gekko|Sage,,44.40,3,,Chamber|Jett|Omen|Sage|Raze,yes,5,,15,,13,11,2
020f2725-d5ac-4160-9f45-e76f57d1c7cc,2026-05-18,evening,Monday,release-12.09-shipping-25-4697179,,Pearl,attack,2,1,14.00,185.48,0.80,3286.82,1,1,0,2,yes,14.20,228.90,1.26,3590.91,2,1,1,1,yes,,-0.20,-43.42,-0.46,-304.09,no,,yes,Fade|Phoenix|Sage|Miks|Cypher,,44.40,3,,Clove|Sage|Neon|Reyna|Tejo,yes,5,,14,,9,13,-4
d1f08b4f-c4a6-4e3e-a21d-748b52672149,2026-05-21,afternoon,Thursday,release-12.09-shipping-26-4704114,,Lotus,attack,1,-1,14.00,181.05,0.79,3512.50,1,1,1,2,yes,13.60,238.41,1.28,3584.50,2,1,1,1,no,,0.40,-57.36,-0.49,-72.00,no,,yes,Omen|Sage|Phoenix|Gekko|Cypher,,44.40,3,,Phoenix|Raze|Omen|Killjoy|Fade,yes,5,,5,,7,13,-6
1919a360-69e4-4193-be5c-65b023ca4b51,2026-05-21,evening,Thursday,release-12.09-shipping-26-4704114,,Ascent,defense,2,-2,13.60,197.88,0.87,3485.91,1,1,0,2,no,13.40,208.74,1.18,3864.55,2,0,1,2,no,,0.20,-10.85,-0.30,-378.64,no,,yes,Sova|Reyna|Miks|Cypher|Killjoy,,44.40,4,,Chamber|Jett|Deadlock|Clove|Phoenix,yes,5,,4,,9,13,-4
af3d212d-d9a8-414c-920d-8b42aded67fe,2026-05-23,afternoon,Saturday,release-12.09-shipping-26-4704114,,Fracture,attack,1,-3,13.20,188.39,0.83,4037.50,1,2,0,1,no,14.20,219.79,1.29,4003.75,2,1,1,1,yes,,-1.00,-31.39,-0.46,33.75,no,,yes,Tejo|Fade|Reyna|Miks|Deadlock,,44.40,3,,Astra|Skye|Raze|Reyna|Chamber,yes,5,,10,,15,17,-2
1a5285a6-6ab3-478e-8691-b0c899d10fbf,2026-05-23,evening,Saturday,release-12.09-shipping-26-4704114,,Split,defense,2,-4,13.00,202.46,1.00,3890.83,1,1,2,1,yes,12.20,217.37,1.05,3594.17,2,0,0,2,no,,0.80,-14.91,-0.05,296.67,no,,yes,Sage|Viper|Omen|Gekko|Reyna,,44.40,3,,Raze|Cypher|Chamber|Yoru|Miks,yes,5,,4,,11,13,-2
ed2be6f5-55de-4086-9278-afeeb8f52e90,2026-05-24,afternoon,Sunday,release-12.09-shipping-26-4704114,,Split,defense,1,-5,12.00,226.14,1.36,3792.00,1,1,1,1,yes,12.00,194.78,0.78,3224.50,2,1,1,1,yes,,0.00,31.36,0.59,567.50,yes,,yes,Gekko|Sage|Viper|Miks|Reyna,,35.00,7,,Jett|Raze|Deadlock|Omen|Skye,yes,5,,3,,13,7,6
1e5a4571-be4d-40ba-94e1-75b7a7f2e4cf,2026-05-24,evening,Sunday,release-12.09-shipping-26-4704114,,Ascent,attack,2,1,12.00,210.78,0.85,3142.11,2,1,0,1,no,12.80,229.14,1.29,3621.05,2,0,1,2,yes,,-0.80,-18.36,-0.43,-478.95,no,,yes,Cypher|Sova|Jett|Reyna|Miks,,35.00,7,,Jett|Killjoy|Neon|Omen|Sage,yes,5,,6,,6,13,-7
f6383115-f0b4-4398-85d1-1ba62db8b650,2026-05-25,evening,Monday,release-12.09-shipping-26-4704114,,Breeze,attack,1,-1,13.00,258.60,2.79,3988.57,1,1,1,1,no,12.20,151.24,0.47,2785.71,1,2,1,1,yes,,0.80,107.36,2.33,1202.86,yes,,yes,Cypher|Sova|Miks|Reyna|Harbor,,44.40,3,,Clove|Cypher|Phoenix|Skye|Tejo,yes,5,,9,,13,1,12
232e7e01-81ae-45e5-8b09-0f91a27bf56e,2026-05-25,evening,Monday,release-12.09-shipping-26-4704114,,Haven,defense,2,1,13.20,209.17,0.97,3363.04,2,1,0,1,no,14.00,213.55,1.07,3860.00,2,1,1,0,no,,-0.80,-4.38,-0.10,-496.96,no,,yes,Sova|Phoenix|Jett|Miks|Cypher,,44.40,3,,Iso|Raze|Gekko|Miks|Omen,yes,5,,6,,10,13,-3
4dce2265-db30-4193-8f4c-f099c616cc25,2026-05-25,evening,Monday,release-12.09-shipping-26-4704114,,Fracture,defense,3,-1,13.20,184.44,0.79,3269.50,1,2,0,1,no,13.60,223.96,1.28,3781.00,2,1,0,1,no,,-0.40,-39.52,-0.49,-511.50,no,,yes,Tejo|Reyna|Deadlock|Breach|Miks,,44.40,3,,Jett|Miks|Sova|Reyna|Chamber,yes,5,,6,,7,13,-6
5dabfb7e-665e-4da6-823d-802757a8b289,2026-05-26,afternoon,Tuesday,release-12.09-shipping-26-4704114,,Haven,defense,1,-2,13.00,225.13,1.06,3391.05,1,1,0,2,no,13.00,223.54,0.96,3458.95,1,1,1,2,yes,,0.00,1.59,0.10,-67.89,yes,,yes,Killjoy|Cypher|Sova|Phoenix|Miks,,44.40,3,,Sage|Reyna|Sova|Omen|Chamber,yes,5,,4,,13,6,7
f2798161-adbc-49ff-8f0e-fddb4bde616d,2026-05-26,evening,Tuesday,release-12.09-shipping-26-4704114,,Ascent,defense,2,1,13.20,208.83,0.90,3325.24,1,1,0,2,no,13.00,223.76,1.15,3514.29,1,1,1,2,yes,,0.20,-14.93,-0.25,-189.05,no,,yes,Killjoy|Cypher|Phoenix|Sova|Miks,,44.40,3,,Brimstone|Sage|Fade|Cypher|Phoenix,yes,5,,2,,8,13,-5
a56248d7-803c-48ad-a4d4-3300693f2f17,2026-05-26,evening,Tuesday,release-12.09-shipping-26-4704114,,Pearl,defense,3,-1,13.20,238.45,1.16,3444.00,1,1,0,2,no,13.40,214.80,0.91,3379.00,2,1,0,1,no,,-0.20,23.65,0.25,65.00,yes,,yes,Miks|Reyna|Fade|Vyse|Cypher,,44.40,3,,Chamber|Jett|Gekko|Miks|Phoenix,yes,5,,3,,13,7,6
c585a71d-185e-4aac-99ea-ef72847d5180,2026-05-27,afternoon,Wednesday,release-12.09-shipping-26-4704114,,Fracture,defense,1,1,13.20,202.23,1.09,3584.17,0,2,0,1,no,13.80,197.76,0.97,3669.58,2,1,0,1,no,,-0.60,4.47,0.12,-85.42,yes,,yes,Killjoy|Miks|Waylay|Tejo|Breach,,44.40,3,,Breach|Chamber|Raze|Miks|Reyna,yes,5,,2,,13,11,2
331a0c17-c3f2-4171-8e56-832e1059daa4,2026-05-27,evening,Wednesday,release-12.09-shipping-26-4704114,,Lotus,defense,2,2,13.20,210.04,0.99,3955.31,1,1,0,2,no,9.40,210.72,1.02,3803.75,2,0,0,2,no,,3.80,-0.69,-0.04,151.56,no,,yes,Miks|Killjoy|Phoenix|Fade|Cypher,,44.40,3,,Jett|Chamber|Raze|Miks|Killjoy,yes,5,,13,,16,16,0
b920ebfc-ce3d-4efa-b0cb-7b037e32dcce,2026-05-28,afternoon,Thursday,release-12.10-shipping-17-4738152,,Breeze,defense,1,-1,13.20,201.36,0.84,3319.00,1,1,1,1,no,12.60,223.97,1.30,3790.50,2,1,1,1,no,,0.60,-22.61,-0.47,-471.50,no,,yes,Sova|Cypher|Reyna|Harbor|Miks,,44.40,3,,Fade|Jett|Reyna|Viper|Chamber,yes,5,,7,,7,13,-6
b0a389c8-5ce1-4404-97ba-47100980c082,2026-05-28,evening,Thursday,release-12.10-shipping-17-4738152,,Split,attack,2,-2,13.20,220.29,0.92,3609.29,1,1,1,1,yes,11.00,239.26,1.17,3750.71,1,1,1,2,yes,,2.20,-18.98,-0.25,-141.43,no,,yes,Reyna|Viper|Gekko|Miks|Sage,,44.40,3,,Raze|Sage|Clove|Fade|Killjoy,yes,5,,16,,13,15,-2
0aabceea-fa1e-458c-9b94-e58153469452,2026-05-29,afternoon,Friday,release-12.10-shipping-17-4738152,,Fracture,attack,1,-3,12.20,197.18,0.88,3425.24,0,1,0,2,no,12.20,224.50,1.21,3549.05,1,1,0,2,yes,,0.00,-27.31,-0.33,-123.81,no,,yes,Chamber|Breach|Waylay|Killjoy|Miks,,31.60,7,,Chamber|Miks|Raze|Tejo|Sage,yes,5,,4,,8,13,-5
cbce78c3-0448-4359-bdfb-1dfcec8217c0,2026-05-29,evening,Friday,release-12.10-shipping-17-4738152,,Pearl,defense,2,-4,12.20,239.44,1.62,3863.75,1,2,1,1,yes,12.00,169.88,0.61,2797.50,2,1,0,1,no,,0.20,69.56,1.01,1066.25,yes,,yes,Reyna|Sage|Tejo|Omen|Fade,,31.60,7,,Reyna|Fade|Miks|Jett|Chamber,yes,5,,9,,13,3,10
058b1b7c-29cb-48bf-853e-202036d06d56,2026-05-29,evening,Friday,release-12.10-shipping-17-4738152,,Haven,defense,3,1,12.20,163.14,0.66,3126.11,0,1,1,2,yes,10.20,219.20,1.51,3776.67,1,1,1,2,yes,,2.00,-56.06,-0.85,-650.56,no,,yes,Sova|Waylay|Omen|Killjoy|Sage,,31.60,7,,Brimstone|Killjoy|Chamber|Raze|Skye,yes,5,,6,,5,13,-8
6ef57a13-bc3d-4573-9a43-3031911c8bb6,2026-06-02,evening,Tuesday,release-12.10-shipping-18-4791598,,Split,defense,1,-1,13.33,194.32,0.88,3773.02,1,1,0,0,no,12.14,217.78,1.07,3435.71,2,1,1,3,yes,,1.19,-23.46,-0.18,337.30,no,,yes,Miks|Reyna|Fade,,49.67,3,,Jett|Killjoy|Reyna|Sage|Chamber|Clove|Gekko,no,5,,15,,8,13,-5
6507d265-679b-467d-92d3-1883a77bcf39,2026-06-02,evening,Tuesday,release-12.10-shipping-18-4791598,,Pearl,defense,2,-2,13.33,169.12,0.75,3543.75,0,1,0,1,no,15.00,231.36,1.12,3516.96,3,1,1,1,no,,-1.67,-62.24,-0.37,26.79,no,,yes,Killjoy|Fade|Miks,,49.67,3,,KAY/O|Phoenix|Gekko|Jett|Phoenix|Astra|Chamber,no,5,,10,,11,13,-2
c50a5c2e-3e72-482c-bf84-816e5bc3503d,2026-06-02,evening,Tuesday,release-12.10-shipping-18-4791598,,Lotus,attack,3,-3,13.33,158.45,0.67,3716.67,1,1,0,1,no,15.00,235.01,1.22,3713.74,2,1,0,2,no,,-1.67,-76.56,-0.55,2.93,no,,yes,Fade|Phoenix|Killjoy,,49.67,3,,Fade|Chamber|Neon|Raze|Chamber|Miks|Miks,no,5,,9,,12,14,-2
d6d20fdc-a954-4dd9-9c35-6173380c45f0,2026-06-05,afternoon,Friday,release-12.10-shipping-18-4791598,,Split,attack,1,-4,12.00,180.67,0.78,3252.22,1,1,0,2,yes,11.00,219.77,1.26,3791.67,1,1,1,2,yes,,1.00,-39.10,-0.48,-539.44,no,,yes,Gekko|Sage|Miks|Killjoy|Raze,,49.60,7,,Gekko|Sage|Clove|Reyna|Chamber,yes,5,,3,,5,13,-8
1c976eb7-4e1c-4012-b267-6de4363076da,2026-06-05,evening,Friday,release-12.10-shipping-18-4791598,,Fracture,attack,2,-5,12.00,230.74,1.23,3752.73,2,1,0,1,no,7.60,218.67,0.90,3415.45,2,1,1,1,yes,,4.40,12.06,0.34,337.27,yes,,yes,Miks|Breach|Phoenix|Chamber|Reyna,,49.60,7,,Omen|Reyna|Jett|Deadlock|Skye,yes,5,,11,,13,9,4
1fe574c7-e88e-4071-aef8-9d79ab91e6ba,2026-06-06,afternoon,Saturday,release-12.10-shipping-18-4791598,,Ascent,defense,1,1,13.33,210.92,1.21,3606.35,1,1,0,1,no,13.57,214.17,0.97,3373.47,3,0,1,2,yes,,-0.24,-3.25,0.23,232.88,yes,,yes,Vyse|Phoenix|Sova,,63.67,3,,Cypher|Phoenix|Sage|Raze|Clove|Raze|Miks,no,2,,5,,13,8,5
2fb6c9a2-c863-40f3-8b9e-34e374bcf226,2026-06-06,afternoon,Saturday,release-12.10-shipping-18-4791598,,Lotus,attack,2,2,13.33,230.00,1.26,3579.82,1,1,0,1,no,13.57,221.67,0.95,3288.35,2,0,2,1,no,,-0.24,8.33,0.32,291.48,yes,,yes,Cypher|Fade|Phoenix,,63.67,3,,Omen|Chamber|Reyna|Iso|Miks|Clove|Miks,no,3,,3,,13,6,7
3cb29d89-901c-42f3-8d0d-bf9e0c4617a7,2026-06-06,evening,Saturday,release-12.10-shipping-18-4791598,,Fracture,attack,3,3,13.33,241.54,2.00,4147.92,1,1,0,1,no,14.14,185.09,0.82,3154.46,2,1,0,1,no,,-0.81,56.45,1.18,993.45,yes,,yes,Phoenix|Chamber|Breach,,63.67,3,,Reyna|Tejo|Yoru|Miks|Killjoy|Waylay|Miks,no,3,,3,,13,3,10
c0f35374-7f1f-4979-a729-5308628a765c,2026-06-07,morning,Sunday,release-12.10-shipping-18-4791598,,Ascent,attack,1,4,13.33,202.49,1.60,3694.44,1,1,0,1,no,14.29,231.56,1.06,2974.29,3,1,1,1,no,,-0.95,-29.07,0.54,720.16,yes,,yes,Cypher|Sova|Phoenix,,63.67,3,,Clove|Miks|Breach|Killjoy|Iso|Reyna|Iso,no,2,,3,,13,2,11
96734318-522d-45af-87a5-9f6a1cc2e463,2026-06-07,morning,Sunday,release-12.10-shipping-18-4791598,,Lotus,defense,2,5,14.00,229.00,1.29,3578.03,1,1,0,1,no,15.57,191.58,0.90,3693.51,3,1,2,1,no,,-1.57,37.42,0.40,-115.48,yes,,yes,Fade|Phoenix|Cypher,,63.67,2,,Omen|Jett|Chamber|Sova|Reyna|Jett|Clove,no,3,,3,,13,9,4
f8f9957a-6596-4d8c-8d74-e7aef89bc0e4,2026-06-07,morning,Sunday,release-12.10-shipping-18-4791598,,Split,attack,3,6,14.33,201.32,1.11,3972.46,0,1,0,1,no,15.00,208.74,1.01,3514.29,3,1,1,2,yes,,-0.67,-7.42,0.10,458.18,yes,,yes,Fade|Miks|Killjoy,,63.67,3,,Reyna|Breach|Raze|Neon|Omen|Cypher|Sage,no,2,,3,,13,10,3
c9515741-8cdc-46c3-bb32-f06bbf82ed06,2026-06-08,afternoon,Monday,release-12.10-shipping-18-4791598,,Split,attack,1,7,15.00,194.44,0.84,3362.50,0,0,1,1,yes,15.75,221.93,1.08,3334.72,2,2,2,2,yes,,-0.75,-27.49,-0.24,27.78,no,,yes,Omen|Sage,,59.00,2,,Clove|Jett|Skye|Cypher|Phoenix|Viper|Breach|Killjoy,no,2,,4,,5,13,-8
a8e2f479-050c-4738-ae42-f6d838cfde4e,2026-06-08,afternoon,Monday,release-12.10-shipping-18-4791598,,Ascent,attack,2,-1,15.00,262.97,1.60,3637.50,1,1,0,0,no,15.75,221.29,0.97,3116.02,3,1,2,2,no,,-0.75,41.68,0.63,521.48,yes,,yes,Sova|Phoenix,,59.00,2,,Killjoy|Clove|Clove|Jett|Killjoy|Reyna|Gekko|Jett,no,2,,3,,13,3,10
709609bb-a29f-44c3-b18e-32aadc0edf1c,2026-06-08,evening,Monday,release-12.10-shipping-18-4791598,,Fracture,attack,3,1,14.33,200.14,0.77,3284.78,1,1,0,0,no,16.00,240.00,1.14,3595.96,3,0,2,2,no,,-1.67,-39.86,-0.37,-311.18,no,,yes,Breach|Miks|Phoenix,,63.67,3,,Harbor|Jett|Jett|Reyna|Chamber|Omen|Deadlock,no,3,,3,,10,13,-3
056e8107-ae23-4610-8ba7-500912204c8f,2026-06-09,afternoon,Tuesday,release-12.10-shipping-18-4791598,,Haven,defense,1,-1,14.00,229.74,1.19,3610.42,0,1,0,1,no,14.29,217.48,0.96,3530.06,3,1,1,2,no,,-0.29,12.25,0.23,80.36,yes,,yes,Sova|Miks|Killjoy,,49.67,4,,Harbor|Chamber|Breach|Raze|Jett|Killjoy|Reyna,no,2,,3,,13,11,2
e95e2c1f-4327-4519-b961-09f20b6a7fe1,2026-06-09,evening,Tuesday,release-12.10-shipping-18-4791598,,Lotus,attack,2,1,14.00,186.62,0.99,3747.10,0,1,0,1,no,14.71,213.11,1.06,3590.37,4,1,1,1,no,,-0.71,-26.49,-0.07,156.73,yes,,yes,Killjoy|Fade|Miks,,49.67,4,,Jett|Raze|Phoenix|Reyna|Omen|Cypher|Fade,no,3,,4,,13,10,3
fe7110a0-6857-4c14-99e4-4e4d060fbe2b,2026-06-12,afternoon,Friday,release-12.11-shipping-9-4815575,,Split,attack,1,2,12.60,189.52,0.73,3143.50,1,1,0,2,yes,11.80,238.30,1.46,3650.50,2,0,1,2,yes,,0.80,-48.78,-0.73,-507.00,no,,yes,Reyna|Vyse|Miks|Skye|Sage,,49.60,8,,Reyna|Sage|Phoenix|Killjoy|Omen,yes,5,,2,,7,13,-6
276e0592-ba9e-45c9-bf94-b4ef624a747d,2026-06-12,evening,Friday,release-12.11-shipping-9-4815575,,Ascent,defense,2,-1,12.60,228.79,1.00,3426.67,1,1,0,2,no,13.20,232.04,1.03,3564.17,1,1,1,2,yes,,-0.60,-3.25,-0.03,-137.50,no,,yes,Miks|Deadlock|Killjoy|Phoenix|Sova,,49.60,8,,Clove|Sage|Killjoy|Reyna|Sova,yes,5,,2,,11,13,-2
eed1af99-8b33-47ea-8276-564388435597,2026-06-13,morning,Saturday,release-12.11-shipping-9-4815575,,Breeze,defense,1,-2,14.00,216.30,0.88,3213.16,1,0,1,1,yes,14.57,222.42,1.07,3496.62,1,1,1,2,yes,,-0.57,-6.12,-0.19,-283.46,no,,yes,Harbor|Sage|Phoenix,,63.67,4,,Miks|Sova|KAY/O|Deadlock|Sage|Omen|Phoenix,no,2,,4,,6,13,-7
27ad78db-e030-495b-bbcb-34041615dd85,2026-06-13,morning,Saturday,release-12.11-shipping-9-4815575,,Haven,attack,2,-3,14.00,240.03,1.08,3284.72,1,1,0,1,no,15.29,222.04,0.98,3686.61,3,1,0,1,yes,,-1.29,17.99,0.10,-401.88,no,,yes,Vyse|Sova|Phoenix,,63.67,4,,Jett|Phoenix|Miks|Sage|Gekko|Miks|Jett,no,3,,3,,11,13,-2
e3315968-657a-40b7-b413-7397f666a570,2026-06-13,morning,Saturday,release-12.11-shipping-9-4815575,,Pearl,defense,3,-4,14.00,223.48,0.99,3221.67,1,0,1,1,no,15.14,194.15,1.04,3651.43,2,2,0,1,no,,-1.14,29.33,-0.05,-429.76,no,,yes,Vyse|Phoenix|Astra,,63.67,4,,Fade|Jett|Fade|Iso|Miks|Waylay|Chamber,no,3,,5,,7,13,-6
68e35e3f-8ed9-48ea-8d09-e8c52a502e02,2026-06-13,morning,Saturday,release-12.11-shipping-9-4815575,,Fracture,attack,4,-5,13.67,210.22,0.96,3733.33,0,1,0,1,no,15.29,226.12,1.06,3610.71,4,1,1,1,no,,-1.62,-15.90,-0.09,122.62,yes,,yes,Breach|Miks|Chamber,,63.67,3,,Killjoy|Raze|Reyna|Omen|Sova|Reyna|Jett,no,2,,2,,14,12,2
26729342-0a91-4afe-87b9-d068b792dd6e,2026-06-13,morning,Saturday,release-12.11-shipping-9-4815575,,Pearl,attack,5,1,13.67,231.12,1.27,3970.45,2,0,1,0,no,14.86,203.58,0.92,3662.34,2,2,1,2,yes,,-1.19,27.54,0.35,308.12,yes,,yes,Phoenix|Reyna|Omen,,63.67,3,,Reyna|Fade|Sage|Skye|Chamber|Omen|Jett,no,2,,5,,13,9,4
0f02e3e3-9790-44af-851a-6612050f84b8,2026-06-13,afternoon,Saturday,release-12.11-shipping-9-4815575,,Ascent,attack,6,2,12.20,202.16,0.80,3300.00,1,1,0,2,no,13.20,243.11,1.31,3432.86,2,1,1,1,no,,-1.00,-40.95,-0.51,-132.86,no,,yes,Sova|Phoenix|Vyse|Miks|Killjoy,,49.60,9,,Sova|Raze|Brimstone|Cypher|Phoenix,yes,5,,4,,8,13,-5
c8cbf401-c616-4682-ac31-56321fce6084,2026-06-13,evening,Saturday,release-12.11-shipping-9-4815575,,Split,defense,7,-1,12.20,255.75,1.54,3790.00,1,1,1,1,yes,12.40,194.84,0.70,3111.50,1,0,0,2,yes,,-0.20,60.91,0.84,678.50,yes,,yes,Sova|Reyna|Viper|Sage|Miks,,49.60,9,,Sage|Reyna|Miks|Waylay|Chamber,yes,5,,8,,13,7,6
920044f1-dd70-47ca-9a59-4f852df58bc7,2026-06-13,evening,Saturday,release-12.11-shipping-9-4815575,,Breeze,defense,8,1,14.00,224.87,1.08,3981.16,1,1,0,0,no,14.14,223.42,1.03,3539.13,2,0,1,2,no,,-0.14,1.45,0.04,442.03,yes,,yes,Sova|Miks|Reyna,,49.67,4,,Chamber|Jett|Viper|Chamber|Jett|Miks|KAY/O,no,3,,4,,13,10,3
017c1d91-f7b8-4f2e-b3f6-8daa13a360e8,2026-06-16,afternoon,Tuesday,release-12.11-shipping-9-4815575,,Fracture,defense,1,2,12.40,224.16,1.16,3773.08,1,1,0,2,no,11.60,204.72,0.88,3677.69,2,1,1,1,yes,,0.80,19.44,0.28,95.38,yes,,yes,Miks|Chamber|Phoenix|Killjoy|Breach,,49.60,8,,Fade|Omen|Raze|Sage|Reyna,yes,5,,3,,14,12,2
b2a01eb8-2940-420e-94d4-a53535a9afa0,2026-06-16,evening,Tuesday,release-12.11-shipping-9-4815575,,Lotus,attack,2,3,12.40,188.68,0.72,3222.50,1,1,0,2,no,7.20,236.44,1.45,3785.50,2,1,1,1,yes,,5.20,-47.76,-0.73,-563.00,no,,yes,Killjoy|Miks|Phoenix|Fade|Vyse,,49.60,8,,Yoru|Tejo|Sage|Omen|Raze,yes,5,,13,,7,13,-6
88ff07c7-66b4-4a1c-bf89-b95ad18e8fa1,2026-06-18,afternoon,Thursday,release-12.11-shipping-9-4815575,,Haven,defense,1,-1,12.40,200.39,0.94,3682.92,1,1,0,2,yes,11.40,217.68,1.07,3483.33,2,1,1,1,no,,1.00,-17.29,-0.13,199.58,yes,,yes,Sage|Sova|Miks|Killjoy|Phoenix,,49.60,8,,Neon|Cypher|Sova|Omen|Phoenix,yes,5,,4,,13,11,2
473348db-4332-46f1-9517-df81c3bfa356,2026-06-18,evening,Thursday,release-12.11-shipping-9-4815575,,Pearl,attack,2,1,12.40,229.62,1.24,3560.00,1,1,0,2,yes,10.00,203.34,0.84,3572.27,1,1,1,2,yes,,2.40,26.28,0.39,-12.27,yes,,yes,Fade|Sage|Phoenix|Miks|Killjoy,,49.60,8,,Killjoy|Sage|Breach|Omen|Reyna,yes,5,,14,,13,9,4
6371fef3-b64d-4de8-a593-5076ca1494ef,2026-06-18,evening,Thursday,release-12.11-shipping-9-4815575,,Haven,attack,3,2,12.40,235.15,1.32,3863.33,1,1,0,2,yes,12.40,195.55,0.81,3489.05,2,1,0,1,yes,,0.00,39.60,0.51,374.29,yes,,yes,Phoenix|Sage|Miks|Sova|Killjoy,,49.60,8,,Chamber|Skye|Miks|Raze|Phoenix,yes,5,,1,,13,8,5
a5fbb1ea-9013-4345-b51a-b70e0603ad8a,2026-06-19,afternoon,Friday,release-12.11-shipping-9-4815575,,Breeze,defense,1,3,12.40,222.64,1.19,3697.50,1,1,0,2,yes,12.40,212.77,0.89,3388.50,2,1,0,1,no,,0.00,9.87,0.30,309.00,yes,,yes,Reyna|Chamber|Sage|Miks|Sova,,49.60,8,,Cypher|Tejo|Jett|Phoenix|Miks,yes,5,,3,,13,7,6
d6553b73-6575-4dda-800f-565d763b5620,2026-06-19,afternoon,Friday,release-12.11-shipping-9-4815575,,Pearl,attack,2,4,12.80,219.00,1.18,3857.67,1,1,0,2,yes,13.20,211.82,0.94,3759.67,1,1,1,2,no,,-0.40,7.18,0.24,98.00,yes,,yes,Sage|Killjoy|Phoenix|Fade|Miks,,49.60,8,,Killjoy|Jett|Vyse|Gekko|Omen,yes,5,,5,,16,14,2
4f48260e-7742-4fec-80d5-a99b4a095d1b,2026-06-19,evening,Friday,release-12.11-shipping-9-4815575,,Split,attack,3,5,12.80,237.66,1.17,3748.33,1,0,1,2,yes,13.60,205.27,0.88,3532.92,2,1,1,1,yes,,-0.80,32.39,0.29,215.42,yes,,yes,Killjoy|Phoenix|Viper|Miks|Sage,,49.60,8,,Clove|Sage|Jett|Sova|Phoenix,yes,5,,4,,13,11,2
c25f7724-676f-4e3a-8974-3183b62c2f9b,2026-06-20,afternoon,Saturday,release-12.11-shipping-9-4815575,,Split,defense,1,6,13.20,218.11,0.95,3745.00,1,0,1,2,yes,13.80,237.48,1.07,3521.15,1,1,0,2,yes,,-0.60,-19.37,-0.13,223.85,no,,yes,Phoenix|Killjoy|Miks|Viper|Sage,,49.60,7,,Breach|Reyna|Cypher|Sage|Miks,yes,5,,4,,12,14,-2
fba1ef12-4511-4ebf-893a-563e81da214e,2026-06-20,evening,Saturday,release-12.11-shipping-9-4815575,,Pearl,defense,2,-1,13.20,180.22,0.68,3215.79,1,1,0,2,yes,12.60,235.12,1.61,3953.16,2,1,0,1,no,,0.60,-54.89,-0.93,-737.37,no,,yes,Phoenix|Sage|Killjoy|Miks|Fade,,49.60,7,,Sova|Chamber|Miks|Iso|Phoenix,yes,5,,6,,6,13,-7
03ec187e-2dc4-4beb-8d6f-2fc09285ac7b,2026-06-26,afternoon,Friday,release-13.00-shipping-30-4955671,,Ascent,defense,1,-2,0.00,198.99,0.70,2962.94,1,1,0,2,no,3.60,243.49,1.46,3637.06,2,1,1,1,no,,-3.60,-44.51,-0.77,-674.12,no,,yes,Killjoy|Sova|Phoenix|Miks|Cypher,,49.60,0,,Jett|Reyna|Sova|Clove|Killjoy,yes,5,,11,,4,13,-9
bbf92159-a48a-49f8-b564-056f498fb02c,2026-06-26,evening,Friday,release-13.00-shipping-30-4955671,,Summit,attack,2,-3,0.00,181.09,0.74,3207.50,1,1,0,2,yes,9.80,215.49,1.41,3902.50,2,1,1,1,no,,-9.80,-34.40,-0.67,-695.00,no,,yes,Killjoy|Sage|Neon|Sova|Miks,,49.60,0,,Reyna|Sova|Omen|Cypher|Phoenix,yes,5,,3,,7,13,-6
7f561182-792a-4e5c-b3d0-a975acc55ec9,2026-06-26,evening,Friday,release-13.00-shipping-30-4955671,,Ascent,defense,3,-4,0.00,222.34,1.19,3676.09,1,1,0,2,yes,9.00,229.87,1.05,3685.65,2,0,0,2,yes,,-9.00,-7.53,0.15,-9.57,yes,,yes,Killjoy|Sage|Miks|Sova|Phoenix,,49.60,0,,Raze|Killjoy|Miks|Sage|Reyna,yes,5,,2,,13,10,3
1c30b177-232e-494d-95a1-50a4e46ad188,2026-06-27,afternoon,Saturday,release-13.00-shipping-32-4990475,,Breeze,defense,1,1,2.20,217.04,0.93,3804.29,1,1,0,2,yes,9.40,226.81,1.08,3920.00,2,1,0,1,no,,-7.20,-9.78,-0.16,-115.71,no,,yes,Chamber|Sova|Reyna|Sage|Miks,,49.60,11,,Sova|Reyna|Miks|Vyse|Jett,yes,5,,1,,13,15,-2
65899616-be82-408b-a55f-132f3937c51a,2026-06-27,evening,Saturday,release-13.00-shipping-32-4990475,,Haven,attack,2,-1,4.00,207.15,0.98,3643.64,1,1,1,2,yes,4.20,219.56,1.05,3505.91,2,1,0,1,no,,-0.20,-12.42,-0.07,137.73,yes,,yes,Sova|Killjoy|Phoenix|Omen|Sage,,49.60,11,,Jett|Killjoy|Miks|Phoenix|Sova,yes,5,,11,,13,9,4
2a013f8a-50d8-487f-9f8c-7acef0f5a0ae,2026-06-28,afternoon,Sunday,release-13.00-shipping-32-4990475,,Haven,attack,1,1,9.00,225.29,1.28,3819.52,1,1,1,2,yes,8.40,195.72,0.78,3522.38,2,1,1,1,no,,0.60,29.56,0.50,297.14,yes,,yes,Sage|Phoenix|Killjoy|Sova|Omen,,49.60,5,,Sova|Omen|Neon|Deadlock|Jett,yes,5,,13,,13,8,5
e4c80506-5d79-48bb-a048-2c06cd9ff029,2026-06-28,evening,Sunday,release-13.00-shipping-32-4990475,,Sunset,defense,2,2,9.00,220.32,1.09,3567.50,1,1,0,2,yes,9.80,211.38,0.99,3549.58,1,1,0,1,no,,-0.80,8.95,0.10,17.92,yes,,yes,Reyna|Sova|Sage|Cypher|Miks,,49.60,5,,Phoenix|Gekko|Waylay|Cypher|Miks,yes,5,,4,,13,11,2
449bc4b0-97e5-4588-bd80-e5a9338c653c,2026-06-30,afternoon,Tuesday,release-13.00-shipping-32-4990475,,Lotus,attack,1,3,9.80,228.61,1.11,3606.52,1,1,1,2,yes,9.40,209.00,0.91,3494.35,3,1,0,0,no,,0.40,19.61,0.20,112.17,yes,,yes,Sage|Killjoy|Fade|Phoenix|Omen,,49.60,5,,Jett|Miks|Reyna|Gekko|Phoenix,yes,5,,3,,13,10,3
83efe6ac-9e3b-4085-a7e0-3b0d9c6c1eef,2026-06-30,evening,Tuesday,release-13.00-shipping-32-4990475,,Split,defense,2,4,10.00,192.43,0.62,2700.00,1,0,2,2,yes,7.80,257.53,1.67,3686.67,2,1,1,1,yes,,2.20,-65.11,-1.06,-986.67,no,,yes,Omen|Sage|Killjoy|Viper|Phoenix,,49.60,5,,Raze|Clove|Sage|Phoenix|Breach,yes,5,,12,,2,13,-11
d7e65a99-a93d-4c88-904f-be2041e35006,2026-06-30,evening,Tuesday,release-13.00-shipping-32-4990475,,Ascent,defense,3,-1,10.00,204.34,1.05,3546.52,1,1,1,2,yes,9.60,218.03,1.01,3479.57,1,1,1,2,yes,,0.40,-13.70,0.03,66.96,yes,,yes,Killjoy|Phoenix|Sage|Omen|Sova,,49.60,5,,Sova|Brimstone|Sage|Phoenix|Deadlock,yes,5,,14,,13,10,3
65e1729d-bda8-483e-8d6b-79e3a6f5647a,2026-07-01,afternoon,Wednesday,release-13.00-shipping-32-4990475,,Breeze,defense,1,1,10.00,218.19,1.13,3800.00,1,1,0,2,yes,9.80,214.65,0.95,3374.29,2,1,1,1,no,,0.20,3.54,0.18,425.71,yes,,yes,Chamber|Sova|Miks|Sage|Reyna,,49.60,5,,Raze|Brimstone|Sova|Jett|Chamber,yes,5,,6,,13,8,5
044d3eaa-b75b-4dbe-92af-fedda09e1a07,2026-07-01,evening,Wednesday,release-13.00-shipping-32-4990475,,Lotus,attack,2,2,10.00,239.38,1.17,3738.26,1,1,1,2,yes,10.80,216.49,0.86,3346.09,2,1,1,1,yes,,-0.80,22.90,0.31,392.17,yes,,yes,Phoenix|Killjoy|Omen|Fade|Sage,,49.60,5,,Fade|Clove|Neon|Sage|Reyna,yes,5,,8,,13,10,3
4dcb2609-1157-49c7-a6b7-35c1735074ce,2026-07-01,evening,Wednesday,release-13.00-shipping-32-4990475,,Sunset,defense,3,3,10.00,181.22,0.77,3328.42,1,1,0,2,no,10.00,229.65,1.50,3583.68,2,1,1,1,no,,0.00,-48.43,-0.73,-255.26,no,,yes,Miks|Phoenix|Gekko|Cypher|Killjoy,,49.60,5,,Omen|Chamber|Jett|Reyna|Breach,yes,5,,5,,6,13,-7
426a21b0-4a09-43a6-9e1c-affe47250fb8,2026-07-02,afternoon,Thursday,release-13.00-shipping-32-4990475,,Haven,defense,1,-1,11.00,213.59,0.96,3207.41,1,1,0,1,no,10.00,216.36,1.10,3680.16,3,1,0,2,yes,,1.00,-2.76,-0.14,-472.75,no,,yes,Phoenix|Killjoy|Sova,,49.67,3,,Reyna|Skye|Reyna|Phoenix|Sage|Miks|Chamber,no,3,,13,,5,13,-8
2b1b9083-f613-48cb-bbe9-e2e01563111b,2026-07-02,afternoon,Thursday,release-13.00-shipping-32-4990475,,Haven,defense,2,-2,11.00,226.22,1.13,3843.06,3,0,0,0,no,9.57,184.76,0.95,3508.93,3,1,2,0,no,,1.43,41.46,0.19,334.13,yes,,yes,Phoenix|Reyna|Jett,,49.67,3,,Omen|Gekko|Veto|Omen|Raze|Raze|Reyna,no,2,,12,,13,11,2
e66c05c4-19ee-494c-bc26-83fa88d3d25e,2026-07-03,afternoon,Friday,release-13.00-shipping-32-4990475,,Summit,defense,1,1,10.00,203.28,0.82,3456.09,1,1,1,2,yes,8.80,232.69,1.31,3864.78,2,1,1,1,yes,,1.20,-29.41,-0.48,-408.70,no,,yes,Omen|Killjoy|Phoenix|Tejo|Sage,,49.60,5,,Raze|Jett|Clove|Sage|Fade,yes,5,,14,,10,13,-3
dbaf9273-0ab7-4520-8a23-0560249724fe,2026-07-03,afternoon,Friday,release-13.00-shipping-32-4990475,,Split,attack,2,-1,10.00,238.30,1.57,3817.22,1,1,1,2,yes,9.40,183.73,0.68,3070.00,1,1,0,2,no,,0.60,54.57,0.89,747.22,yes,,yes,Killjoy|Sage|Omen|Fade|Phoenix,,49.60,5,,Raze|Miks|Cypher|Tejo|Killjoy,yes,5,,4,,13,5,8
ef73f5cd-dbaf-48ae-ae02-7b1f179e0c4c,2026-07-03,evening,Friday,release-13.00-shipping-32-4990475,,Lotus,defense,3,1,10.00,245.78,1.24,3540.53,1,1,0,2,yes,1.60,206.64,0.82,3360.53,2,0,1,1,yes,,8.40,39.14,0.42,180.00,yes,,yes,Reyna|Killjoy|Fade|Sage|Miks,,49.60,5,,KAY/O|Astra|Reyna|Sage|Raze,yes,5,,8,,13,6,7
f429d7fe-9572-49ec-8aea-61e23b558ad0,2026-07-04,afternoon,Saturday,release-13.00-shipping-32-4990475,,Sunset,attack,1,2,10.00,191.07,0.85,3404.76,1,1,0,2,no,4.00,222.35,1.23,3634.29,1,1,1,1,yes,,6.00,-31.29,-0.38,-229.52,no,,yes,Miks|Phoenix|Sova|Vyse|Killjoy,,49.60,5,,Waylay|Sage|Skye|Reyna|Omen,yes,5,,11,,8,13,-5
937e17d6-a733-44fe-a4a7-9746fe0f762d,2026-07-04,evening,Saturday,release-13.00-shipping-32-4990475,,Haven,attack,2,-1,10.00,195.66,0.86,3473.91,1,1,1,2,yes,10.80,233.88,1.30,3719.57,1,1,1,2,no,,-0.80,-38.22,-0.44,-245.65,no,,yes,Killjoy|Sova|Omen|Sage|Phoenix,,49.60,5,,Omen|Chamber|Deadlock|Reyna|Sova,yes,5,,4,,10,13,-3
24f62cff-17cf-455a-a499-968619abd2cf,2026-07-04,evening,Saturday,release-13.00-shipping-32-4990475,,Haven,attack,3,-2,10.00,209.73,0.95,3998.00,1,1,1,2,yes,10.40,213.38,1.04,3820.33,1,1,1,2,no,,-0.40,-3.65,-0.09,177.67,no,,yes,Killjoy|Sage|Omen|Sova|Phoenix,,49.60,5,,Gekko|Neon|Chamber|Killjoy|Clove,yes,5,,7,,14,16,-2
bb5ba86f-9512-44d4-8a60-2f064119608b,2026-07-05,afternoon,Sunday,release-13.00-shipping-32-4990475,,Summit,defense,1,-3,10.00,228.78,1.02,3685.00,1,1,1,2,yes,7.20,221.06,0.99,3654.64,1,1,1,2,yes,,2.80,7.72,0.03,30.36,yes,,yes,Killjoy|Astra|Tejo|Phoenix|Sage,,49.60,5,,Jett|Deadlock|Clove|Fade|Sage,yes,5,,14,,15,13,2
bdff50fb-a769-4408-824e-f80ddd56c820,2026-07-05,evening,Sunday,release-13.00-shipping-32-4990475,,Ascent,defense,2,1,10.00,212.50,1.05,3784.23,1,1,0,2,no,11.00,208.93,1.04,3545.77,2,1,1,1,no,,-1.00,3.57,0.00,238.46,yes,,yes,Killjoy|Deadlock|Phoenix|Sova|Miks,,49.60,5,,Reyna|Omen|Sova|Neon|Killjoy,yes,5,,4,,14,12,2
b67b012d-403e-46ec-8de0-d03d87487f54,2026-07-06,afternoon,Monday,release-13.00-shipping-32-4990475,,Sunset,attack,1,2,10.00,250.68,2.02,3688.00,1,1,0,2,no,8.00,168.99,0.57,2935.33,2,1,1,1,yes,,2.00,81.69,1.45,752.67,yes,,yes,Deadlock|Phoenix|Killjoy|Sova|Miks,,49.60,5,,Reyna|Astra|Gekko|Raze|Sage,yes,5,,12,,13,2,11
f65a9f8d-138a-4f29-9ba8-b5c20b98c1a3,2026-07-06,afternoon,Monday,release-13.00-shipping-32-4990475,,Split,attack,2,3,10.60,231.20,1.44,3676.32,1,1,1,2,yes,7.00,204.44,0.78,3290.53,2,1,1,0,no,,3.60,26.76,0.66,385.79,yes,,yes,Fade|Phoenix|Killjoy|Sage|Omen,,49.60,5,,Raze|Omen|Sova|Yoru|Miks,yes,5,,15,,13,6,7
6bddcdba-5bc3-47ef-8a09-4c29c4def5ff,2026-07-06,evening,Monday,release-13.00-shipping-32-4990475,,Breeze,attack,3,4,10.60,183.12,0.74,3572.78,1,1,0,2,yes,11.40,231.19,1.47,3498.33,2,1,1,1,no,,-0.80,-48.07,-0.73,74.44,no,,yes,Sage|Sova|Miks|Chamber|Reyna,,49.60,5,,Fade|Clove|Cypher|Phoenix|Iso,yes,5,,4,,5,13,-8
f63f3242-d1a4-4333-923c-061e93b008af,2026-07-08,afternoon,Wednesday,release-13.00-shipping-32-4990475,,Haven,defense,1,-1,10.60,222.70,1.11,3611.74,1,1,1,2,yes,10.60,210.90,0.96,3560.00,2,1,0,1,no,,0.00,11.80,0.15,51.74,yes,,yes,Phoenix|Omen|Sage|Sova|Killjoy,,49.60,5,,Sova|Miks|Raze|Reyna|Chamber,yes,5,,8,,13,10,3
617ab047-67a2-45a4-b365-3b89c4b45989,2026-07-08,evening,Wednesday,release-13.00-shipping-32-4990475,,Lotus,attack,2,1,10.60,228.28,1.24,3884.74,1,1,1,2,yes,11.00,205.99,0.81,3163.68,2,1,1,1,yes,,-0.40,22.29,0.44,721.05,yes,,yes,Omen|Sage|Fade|Killjoy|Phoenix,,49.60,5,,Skye|Omen|Reyna|Iso|Chamber,yes,5,,7,,13,6,7
7a0aab9d-3683-4868-bab9-26d2dfb35595,2026-07-10,afternoon,Friday,release-13.00-shipping-32-4990475,,Sunset,attack,1,2,10.80,246.40,1.35,3406.50,1,1,0,2,no,6.40,203.21,0.81,3257.50,2,1,1,1,yes,,4.40,43.19,0.54,149.00,yes,,yes,Deadlock|Phoenix|Miks|Sova|Killjoy,,49.60,5,,Phoenix|Brimstone|Sage|Gekko|Raze,yes,5,,12,,13,7,6
50ce3fc0-7f06-4a5a-8697-23cb22619484,2026-07-10,afternoon,Friday,release-13.00-shipping-32-4990475,,Lotus,defense,2,3,11.00,226.41,0.90,3378.64,1,1,1,2,yes,11.00,239.99,1.15,3730.45,2,1,1,1,yes,,0.00,-13.58,-0.25,-351.82,no,,yes,Phoenix|Fade|Omen|Killjoy|Sage,,49.60,5,,Clove|Sage|Sova|Jett|Reyna,yes,5,,8,,9,13,-4
3f5e347b-5c85-4a96-9acd-9463ae771581,2026-07-10,evening,Friday,release-13.00-shipping-32-4990475,,Ascent,defense,3,-1,11.00,195.58,0.77,3115.79,1,1,0,2,no,11.40,240.36,1.34,3556.84,1,1,1,2,yes,,-0.40,-44.78,-0.57,-441.05,no,,yes,Deadlock|Phoenix|Miks|Killjoy|Sova,,49.60,5,,Killjoy|Harbor|Sova|Reyna|Sage,yes,5,,2,,6,13,-7
cc866c4b-1d96-43cb-a3c9-0f669b82c0bc,2026-07-11,afternoon,Saturday,release-13.00-shipping-32-4990475,,Breeze,attack,1,-2,11.00,220.53,1.13,3721.76,1,1,0,2,yes,8.40,208.79,0.98,3360.59,2,1,1,1,yes,,2.60,11.74,0.15,361.18,yes,,yes,Sage|Sova|Cypher|Miks|Reyna,,49.60,5,,Omen|Jett|Reyna|Sage|Sova,yes,5,,12,,13,4,9
3d3b00fd-4c6d-4f38-aa62-d3b8fd4e1376,2026-07-11,afternoon,Saturday,release-13.00-shipping-32-4990475,,Split,attack,2,1,11.00,197.13,1.00,3711.67,1,1,1,2,yes,11.20,200.65,1.01,3785.83,2,1,1,1,no,,-0.20,-3.52,-0.01,-74.17,yes,,yes,Omen|Reyna|Sage|Killjoy|Fade,,49.60,5,,Gekko|Brimstone|Reyna|Raze|Killjoy,yes,5,,4,,13,11,2
74bf158f-a74d-4ced-a236-87cdbd7c3ab7,2026-07-11,evening,Saturday,release-13.00-shipping-32-4990475,,Sunset,defense,3,2,11.00,185.03,1.23,3406.00,1,1,1,2,yes,7.80,192.38,1.12,3549.50,1,1,2,1,no,,3.20,-7.35,0.12,-143.50,no,,yes,Omen|Tejo|Sage|Killjoy|Reyna,,49.60,5,,Omen|Sova|Vyse|Jett|Harbor,yes,5,,13,,7,13,-6
6f3fc16a-1d45-4482-aaec-72c93f28d4f7,2026-07-13,afternoon,Monday,release-13.00-shipping-32-4990475,,Ascent,defense,1,-1,10.80,179.39,0.69,3066.47,1,1,0,2,no,10.60,221.75,1.49,3644.12,1,1,0,2,yes,,0.20,-42.36,-0.80,-577.65,no,,yes,Cypher|Reyna|Sova|Killjoy|Miks,,49.60,5,,Miks|Phoenix|Cypher|Skye|Sage,yes,5,,9,,4,13,-9
c5793305-cb12-49f7-adbb-9ab00fb953c0,2026-07-13,evening,Monday,release-13.00-shipping-32-4990475,,Split,attack,2,-2,10.80,161.82,0.61,3144.71,1,1,1,2,yes,10.20,232.61,1.73,4010.00,2,1,1,1,no,,0.60,-70.79,-1.11,-865.29,no,,yes,Reyna|Sage|Omen|Killjoy|Fade,,49.60,5,,Omen|Phoenix|Raze|Chamber|Tejo,yes,5,,10,,4,13,-9
ade2b6ea-dded-44de-ae48-a28f37e8dd9b,2026-07-13,evening,Monday,release-13.00-shipping-32-4990475,,Haven,defense,3,-3,10.80,227.02,1.19,3715.42,1,1,1,2,yes,11.00,204.62,0.89,3542.50,2,1,1,0,no,,-0.20,22.40,0.30,172.92,yes,,yes,Sova|Omen|Phoenix|Killjoy|Sage,,49.60,5,,Veto|Gekko|Reyna|Raze|Omen,yes,5,,2,,13,11,2
3839af42-790d-40a9-814b-413192e156a0,2026-07-14,afternoon,Tuesday,release-13.00-shipping-32-4990475,,Sunset,attack,1,1,10.80,223.15,1.27,3809.47,1,1,1,2,yes,11.60,196.97,0.82,3295.79,1,1,0,1,no,,-0.80,26.18,0.45,513.68,yes,,yes,Sage|Killjoy|Phoenix|Omen|Tejo,,49.60,5,,Yoru|KAY/O|Killjoy|Tejo|Miks,yes,5,,9,,13,6,7
60ca3439-f9af-4c11-988f-136ac8bba842,2026-07-14,evening,Tuesday,release-13.00-shipping-32-4990475,,Haven,defense,2,2,10.80,227.04,1.13,3740.42,1,1,1,2,yes,11.20,209.55,0.88,3562.92,1,1,1,1,no,,-0.40,17.49,0.25,177.50,yes,,yes,Sage|Phoenix|Killjoy|Sova|Omen,,49.60,5,,Chamber|Sova|Clove|Veto|Reyna,yes,5,,3,,13,11,2
48e108a6-903f-4b49-91b2-431bacc2f019,2026-07-14,evening,Tuesday,release-13.00-shipping-32-4990475,,Ascent,attack,3,3,10.80,227.72,1.17,3526.54,1,1,0,2,no,10.40,203.44,0.91,3531.54,2,1,0,1,no,,0.40,24.28,0.26,-5.00,yes,,yes,Phoenix|Sova|Miks|Cypher|Killjoy,,49.60,5,,Miks|Neon|Killjoy|Tejo|Jett,yes,5,,4,,14,12,2
47ad2afe-bcc6-452c-8dac-3ac8e1520775,2026-07-15,afternoon,Wednesday,release-13.01-shipping-10-5054966,,Summit,defense,1,4,11.00,256.50,2.21,3625.00,1,1,1,2,yes,12.20,181.01,0.63,3013.75,2,1,0,1,no,,-1.20,75.49,1.57,611.25,yes,,yes,Astra|Sage|Tejo|Killjoy|Phoenix,,49.60,5,,Deadlock|Sova|Jett|Miks|Phoenix,yes,5,,6,,13,3,10
92a9cfc6-6b95-4bc2-85ef-2cffa2382a29,2026-07-15,evening,Wednesday,release-13.01-shipping-10-5054966,,Ascent,defense,2,5,11.60,199.72,1.00,3607.50,1,1,0,2,no,8.00,202.49,1.00,3731.25,1,1,0,2,yes,,3.60,-2.77,0.01,-123.75,no,,yes,Killjoy|Cypher|Sova|Phoenix|Miks,,49.60,5,,Cypher|Reyna|Fade|Miks|Sage,yes,5,,15,,11,13,-2
adf8c9fa-205b-42bd-b15e-e6d0239a411d,2026-07-15,evening,Wednesday,release-13.01-shipping-10-5054966,,Breeze,defense,3,-1,11.60,200.59,0.85,3559.57,1,1,0,2,yes,11.40,227.87,1.19,3713.04,1,1,2,1,no,,0.20,-27.28,-0.33,-153.48,no,,yes,Sova|Cypher|Reyna|Miks|Sage,,49.60,5,,Harbor|Killjoy|Reyna|Omen|Sova,yes,5,,4,,10,13,-3
88ae0e17-8da4-4b8b-b929-a292e4732e17,2026-07-17,afternoon,Friday,release-13.01-shipping-11-5090349,,Sunset,attack,1,-2,11.40,192.74,0.74,3445.24,1,1,1,2,yes,12.00,227.16,1.40,3638.57,1,1,1,2,yes,,-0.60,-34.42,-0.66,-193.33,no,,yes,Phoenix|Sage|Omen|Tejo|Killjoy,,49.60,4,,Deadlock|Sage|Brimstone|Jett|Skye,yes,5,,10,,8,13,-5
7b49f37d-1d84-4a61-86e9-856ad037bb0c,2026-07-17,evening,Friday,release-13.01-shipping-11-5090349,,Split,defense,2,-3,11.20,215.90,1.08,3611.92,1,1,1,2,yes,12.00,210.98,1.08,3798.46,1,1,0,1,yes,,-0.80,4.92,0.00,-186.54,yes,,yes,Phoenix|Fade|Killjoy|Sage|Omen,,49.60,4,,Sage|Waylay|Miks|Gekko|Phoenix,yes,5,,2,,14,12,2
ace8c078-c7cd-4f0d-9cb0-e0ecb623540b,2026-07-17,evening,Friday,release-13.01-shipping-11-5090349,,Breeze,attack,3,1,11.20,187.25,0.79,3479.05,1,1,1,1,no,11.40,232.76,1.59,3579.52,2,1,0,0,no,,-0.20,-45.51,-0.80,-100.48,no,,yes,Miks|Harbor|Cypher|Reyna|Sova,,49.60,4,,Phoenix|Iso|Miks|Veto|Sova,yes,5,,4,,8,13,-5
53be1a11-6e1a-4050-b5d4-32451f92f1af,2026-07-18,afternoon,Saturday,release-13.01-shipping-11-5090349,,Split,defense,1,-1,11.20,163.78,0.64,2911.25,1,1,1,2,yes,12.00,244.53,1.55,3628.75,2,1,1,1,yes,,-0.80,-80.75,-0.91,-717.50,no,,yes,Phoenix|Fade|Killjoy|Sage|Astra,,49.60,4,,Jett|Sage|Clove|Phoenix|Gekko,yes,5,,8,,3,13,-10
431c1caf-7147-4d29-aded-209f636be5c8,2026-07-18,afternoon,Saturday,release-13.01-shipping-11-5090349,,Lotus,defense,2,-2,10.80,230.98,1.38,3794.74,1,1,1,2,yes,10.80,197.46,0.77,3393.16,2,1,0,1,no,,0.00,33.52,0.61,401.58,yes,,yes,Sage|Gekko|Killjoy|Phoenix|Omen,,49.60,5,,Yoru|Chamber|Breach|Miks|Jett,yes,5,,6,,13,6,7
aeaf02a0-a6af-42f7-84c1-720cab791b0e,2026-07-18,evening,Saturday,release-13.01-shipping-11-5090349,,Sunset,defense,3,1,11.00,217.67,1.32,3502.00,1,1,1,2,yes,11.60,186.15,0.81,3141.50,2,0,1,1,no,,-0.60,31.52,0.52,360.50,yes,,yes,Sage|Tejo|Phoenix|Astra|Killjoy,,49.60,4,,Phoenix|Clove|Waylay|Jett|Cypher,yes,5,,3,,13,7,6
c9678f87-9711-48a2-95e2-7f9b948a7599,2026-07-19,afternoon,Sunday,release-13.01-shipping-11-5090349,,Lotus,attack,1,2,13.00,182.88,1.50,3861.76,0,0,1,0,no,14.00,222.60,1.04,3316.01,4,2,0,2,no,,-1.00,-39.72,0.46,545.75,yes,,yes,Omen,,28.00,0,,Sova|Chamber|Sova|Chamber|Jett|Miks|Jett|Raze|Reyna,no,2,,3,,13,4,9
2eff0986-62c5-464e-b222-8b1fab5e1032,2026-07-19,afternoon,Sunday,release-13.01-shipping-11-5090349,,Haven,defense,2,3,11.40,204.38,0.92,4235.53,1,1,0,2,yes,11.60,221.77,1.11,3928.42,2,1,1,1,no,,-0.20,-17.39,-0.20,307.11,no,,yes,Phoenix|Sage|Miks|Sova|Killjoy,,49.60,5,,Deadlock|Iso|Jett|Omen|Sova,yes,5,,3,,18,20,-2
d6444a3b-31b0-48c6-9c59-188b3206cd1f,2026-07-19,evening,Sunday,release-13.01-shipping-11-5090349,,Split,defense,3,-1,11.40,224.62,1.26,3775.91,1,1,0,2,yes,12.60,191.46,0.78,3449.09,1,1,1,2,yes,,-1.20,33.15,0.47,326.82,yes,,yes,Sage|Fade|Phoenix|Killjoy|Miks,,49.60,5,,Sage|Neon|Killjoy|Breach|Clove,yes,5,,3,,13,9,4
d7d64164-ea9d-4617-ad13-447e9e831ea6,2026-07-21,afternoon,Tuesday,release-13.01-shipping-11-5090349,,Ascent,defense,1,1,11.60,220.26,1.21,3400.00,1,1,0,2,no,9.20,191.60,0.87,3379.52,2,1,1,1,no,,2.40,28.66,0.34,20.48,yes,,yes,Sova|Killjoy|Cypher|Phoenix|Miks,,49.60,5,,Jett|Reyna|Omen|Gekko|Chamber,yes,5,,13,,13,8,5
f9c8831d-4052-4ff5-8a1b-0532ef396866,2026-07-21,evening,Tuesday,release-13.01-shipping-11-5090349,,Lotus,defense,2,2,12.00,223.24,1.10,3569.57,1,1,0,2,no,13.20,217.97,0.96,3373.91,2,1,1,1,no,,-1.20,5.27,0.14,195.65,yes,,yes,Cypher|Miks|Phoenix|Fade|Killjoy,,49.60,5,,Vyse|Reyna|Clove|Fade|Iso,yes,5,,8,,13,10,3
3e61d31b-2bd0-4eb8-a00a-ab83e124039a,2026-07-22,afternoon,Wednesday,release-13.01-shipping-11-5090349,,Breeze,defense,1,3,12.20,184.76,0.88,3580.83,1,1,1,2,yes,11.20,212.11,1.17,3701.67,1,1,1,1,yes,,1.00,-27.35,-0.29,-120.83,yes,,yes,Reyna|Harbor|Sova|Cypher|Sage,,49.60,5,,Cypher|Reyna|Omen|Waylay|Skye,yes,5,,3,,13,11,2
c074e2f2-fdfa-4354-8a62-3e9194287b61,2026-07-22,evening,Wednesday,release-13.01-shipping-11-5090349,,Summit,attack,2,4,12.20,187.51,0.93,3497.92,1,1,1,2,yes,12.20,205.48,1.11,3491.67,2,1,1,1,no,,0.00,-17.98,-0.18,6.25,yes,,yes,Sage|Killjoy|Phoenix|Tejo|Astra,,49.60,5,,Cypher|Tejo|Iso|Phoenix|Viper,yes,5,,5,,13,11,2
f03e16d1-7d52-425d-b794-48113f4e87d8,2026-07-22,evening,Wednesday,release-13.01-shipping-11-5090349,,Ascent,defense,3,5,12.40,220.78,1.32,3604.74,1,1,0,2,no,11.80,198.09,0.80,3230.00,2,0,1,2,no,,0.60,22.68,0.52,374.74,yes,,yes,Cypher|Sova|Phoenix|Miks|Killjoy,,49.60,4,,Phoenix|Raze|Killjoy|Brimstone|Cypher,yes,5,,4,,13,6,7
307c1774-0526-4af6-895d-6ef928320fb6,2026-07-23,afternoon,Thursday,release-13.01-shipping-11-5090349,,Breeze,defense,1,6,12.20,183.10,0.77,3314.09,1,1,1,2,yes,12.20,232.44,1.36,3983.18,1,1,1,2,no,,0.00,-49.34,-0.58,-669.09,no,,yes,Sova|Harbor|Cypher|Sage|Reyna,,49.60,5,,Killjoy|Omen|Chamber|Sova|Reyna,yes,5,,8,,9,13,-4
6710657e-c6bf-4c55-98e9-14955f831995,2026-07-23,evening,Thursday,release-13.01-shipping-11-5090349,,Lotus,defense,2,-1,12.20,190.51,0.69,3213.00,2,1,0,1,no,12.60,239.78,1.52,3834.50,2,1,0,1,no,,-0.40,-49.27,-0.83,-621.50,no,,yes,Miks|Yoru|Killjoy|Fade|Phoenix,,49.60,5,,Chamber|Miks|Reyna|Jett|Gekko,yes,5,,4,,7,13,-6
70553a24-13ce-4b7b-8372-a5f7dec2834d,2026-07-24,afternoon,Friday,release-13.01-shipping-11-5090349,,Ascent,defense,1,-2,12.20,203.38,0.93,3571.92,1,1,0,2,no,13.20,213.94,1.07,3540.77,1,1,0,1,no,,-1.00,-10.55,-0.14,31.15,no,,yes,Cypher|Killjoy|Miks|Phoenix|Sova,,49.60,5,,Miks|Sova|Reyna|Killjoy|Waylay,yes,5,,3,,12,14,-2
2148eefb-7b1b-472a-9b60-8f9541248e87,2026-07-24,afternoon,Friday,release-13.01-shipping-11-5090349,,Sunset,attack,2,-3,12.20,186.29,0.76,3402.86,1,1,1,2,yes,12.60,238.16,1.37,3686.67,1,1,1,2,yes,,-0.40,-51.88,-0.61,-283.81,no,,yes,Omen|Killjoy|Tejo|Phoenix|Sage,,49.60,5,,Raze|Omen|Chamber|Sage|Fade,yes,5,,10,,8,13,-5
23a56351-5fbf-46a3-83f8-bfd8d03c64d1,2026-07-24,evening,Friday,release-13.01-shipping-11-5090349,,Split,defense,3,-4,11.80,247.15,1.32,3686.84,1,1,1,2,yes,11.00,194.07,0.77,3504.21,2,1,1,1,yes,,0.80,53.07,0.55,182.63,yes,,yes,Killjoy|Fade|Reyna|Sage|Clove,,49.60,5,,Gekko|Clove|Sage|Phoenix|Reyna,yes,5,,3,,13,6,7
80c09975-22ae-43af-ac53-af65d0125e4e,2026-07-26,afternoon,Sunday,release-13.01-shipping-11-5090349,,Haven,defense,1,1,12.20,224.02,1.25,3847.50,1,1,1,2,yes,12.20,188.57,0.83,3152.50,1,1,1,1,no,,0.00,35.45,0.42,695.00,yes,,yes,Sova|Phoenix|Killjoy|Sage|Omen,,49.60,5,,Omen|Reyna|Waylay|Chamber|Fade,yes,5,,5,,13,7,6
b2f28df0-d3ec-41e8-81b9-9e1ee677f896,2026-07-26,afternoon,Sunday,release-13.01-shipping-11-5090349,,Sunset,attack,2,2,12.40,235.78,1.38,3686.00,1,1,1,2,yes,11.20,193.02,0.77,3339.50,2,1,1,1,yes,,1.20,42.76,0.60,346.50,yes,,yes,Killjoy|Sage|Sova|Clove|Reyna,,49.60,5,,Reyna|Skye|Omen|Neon|Sage,yes,5,,3,,13,7,6
b391de02-cae0-4714-b5b3-0c849bf2c56b,2026-07-26,evening,Sunday,release-13.01-shipping-11-5090349,,Lotus,attack,3,3,12.40,194.84,0.77,3411.82,1,1,1,2,yes,8.80,230.16,1.37,3891.82,2,1,0,1,no,,3.60,-35.33,-0.60,-480.00,no,,yes,Omen|Phoenix|Sage|Fade|Killjoy,,49.60,5,,Raze|Phoenix|Chamber|Miks|Fade,yes,5,,13,,9,13,-4
1c63ce7f-00ab-41c7-b80a-43adef2b39dc,2026-07-28,afternoon,Tuesday,release-13.01-shipping-11-5090349,,Haven,attack,1,-1,12.40,213.10,0.99,3686.96,1,1,1,2,yes,11.80,217.56,1.04,3820.43,2,1,1,1,no,,0.60,-4.45,-0.05,-133.48,yes,,yes,Omen|Killjoy|Sage|Phoenix|Sova,,49.60,5,,Tejo|Chamber|Phoenix|Jett|Omen,yes,5,,5,,13,10,3
7ddaed3d-b88f-4c5f-8f36-6c0706d62d4e,2026-07-28,afternoon,Tuesday,release-13.01-shipping-11-5090349,,Split,defense,2,1,12.40,231.70,1.43,3725.71,1,1,1,2,yes,12.20,193.78,0.77,3224.29,2,1,0,1,yes,,0.20,37.91,0.66,501.43,yes,,yes,Omen|Killjoy|Sage|Phoenix|Fade,,49.60,5,,Sage|Iso|Miks|Jett|Breach,yes,5,,2,,13,8,5
500e88a6-8838-4139-be79-053d97750305,2026-07-28,evening,Tuesday,release-13.01-shipping-11-5090349,,Lotus,defense,3,2,12.60,191.20,0.83,3663.91,1,1,1,2,yes,11.60,217.02,1.25,3977.39,2,1,1,1,no,,1.00,-25.82,-0.42,-313.48,no,,yes,Killjoy|Sage|Phoenix|Fade|Omen,,49.60,5,,Raze|Phoenix|Omen|Chamber|Fade,yes,5,,2,,10,13,-3
95876a03-f996-4f47-82ea-e333483dd39c,2026-07-29,afternoon,Wednesday,release-13.02-shipping-7-5092570,,Ascent,attack,1,-1,12.60,212.35,0.90,3633.33,1,1,1,2,yes,12.40,229.04,1.14,3729.58,2,1,1,1,no,,0.20,-16.69,-0.24,-96.25,yes,,yes,Killjoy|Clove|Sova|Reyna|Sage,,49.60,5,,Sova|Phoenix|Omen|Chamber|Jett,yes,5,,3,,13,11,2
675e4f81-adfc-4a32-b2fe-d3cbf201edce,2026-07-29,evening,Wednesday,release-13.02-shipping-7-5092570,,Haven,defense,2,1,12.60,228.49,1.42,3855.50,1,1,1,2,yes,13.80,188.07,0.73,3380.50,1,1,1,2,yes,,-1.20,40.42,0.70,475.00,yes,,yes,Killjoy|Sova|Reyna|Clove|Sage,,49.60,5,,Jett|Sage|Cypher|Fade|Omen,yes,5,,4,,13,7,6
1b9d3dad-2d29-40ff-9a90-5734e27affff,2026-07-30,afternoon,Thursday,release-13.02-shipping-7-5092570,,Lotus,defense,1,2,12.80,205.62,0.92,3476.36,1,1,1,2,yes,13.80,227.25,1.12,3638.64,2,1,1,1,no,,-1.00,-21.64,-0.20,-162.27,no,,yes,Phoenix|Killjoy|Omen|Fade|Sage,,49.60,5,,Reyna|Gekko|Jett|Chamber|Clove,yes,5,,4,,9,13,-4
4c1d4c8a-159a-4122-81fc-6ac6950758d5,2026-07-30,afternoon,Thursday,release-13.02-shipping-7-5092570,,Split,attack,2,-1,12.80,207.96,1.09,3815.22,1,1,0,2,yes,13.40,209.36,0.94,3400.00,1,1,1,2,yes,,-0.60,-1.40,0.15,415.22,yes,,yes,Phoenix|Fade|Killjoy|Miks|Sage,,49.60,5,,Cypher|Gekko|Reyna|Omen|Sage,yes,5,,5,,13,10,3
36a37e92-2673-45a5-b0ea-ea77b4fd621b,2026-07-30,evening,Thursday,release-13.02-shipping-7-5092570,,Breeze,attack,3,1,12.80,222.22,0.94,3635.00,1,1,1,2,yes,12.00,217.88,1.09,3590.00,1,1,1,1,yes,,0.80,4.34,-0.15,45.00,no,,yes,Clove|Sova|Reyna|Sage|Cypher,,49.60,5,,Astra|Chamber|Skye|Waylay|Jett,yes,5,,2,,11,13,-2
69a51bdf-269a-4ab4-9563-e0beffc8162e,2026-08-01,afternoon,Saturday,release-13.02-shipping-7-5092570,,Ascent,defense,1,-1,12.80,220.76,1.00,3482.92,1,1,0,2,yes,13.20,234.40,1.07,3707.50,2,1,1,1,no,,-0.40,-13.64,-0.08,-224.58,no,,yes,Miks|Sage|Phoenix|Killjoy|Sova,,49.60,5,,Sova|Raze|Clove|Killjoy|Reyna,yes,5,,6,,11,13,-2
682b293f-e502-44e2-8edf-579ab71028d5,2026-08-01,afternoon,Saturday,release-13.02-shipping-7-5092570,,Haven,defense,2,-2,12.80,201.88,0.86,3435.91,1,1,1,2,yes,13.40,233.06,1.21,3585.91,1,1,1,1,no,,-0.60,-31.18,-0.36,-150.00,no,,yes,Clove|Reyna|Killjoy|Sova|Sage,,49.60,5,,Raze|Chamber|Clove|KAY/O|Breach,yes,5,,3,,9,13,-4
17cd9483-a7cc-4caa-97ee-77ca685a5b08,2026-08-01,evening,Saturday,release-13.02-shipping-7-5092570,,Split,defense,3,-3,12.80,162.78,0.55,3036.25,1,1,0,2,yes,13.20,249.81,1.83,3844.38,2,1,1,1,yes,,-0.40,-87.04,-1.28,-808.12,no,,yes,Miks|Fade|Sage|Phoenix|Killjoy,,49.60,5,,Raze|Skye|Deadlock|Omen|Phoenix,yes,5,,9,,3,13,-10
751c3bd0-f7b3-4262-aabc-c82ce426ac69,2026-08-02,afternoon,Sunday,release-13.02-shipping-7-5092570,,Sunset,attack,1,-4,10.60,163.07,0.52,2831.43,1,2,1,1,no,12.40,264.94,2.06,3839.29,2,1,0,2,yes,,-1.80,-101.87,-1.54,-1007.86,no,,yes,Sova|Reyna|Breach|Clove|Cypher,,54.40,15,,Chamber|Sage|Yoru|Skye|Iso,yes,5,,6,,1,13,-12
5b2db0c6-8ccf-4ad5-9b30-a242f862277c,2026-08-02,evening,Sunday,release-13.02-shipping-7-5092570,,Lotus,defense,2,-5,10.60,236.18,1.33,3892.86,1,2,1,1,no,11.20,194.72,0.82,3386.67,1,0,0,2,yes,,-0.60,41.46,0.51,506.19,yes,,yes,Fade|Killjoy|Breach|Phoenix|Omen,,54.40,15,,Miks|Jett|Cypher|Sage|KAY/O,yes,5,,2,,13,8,5
6b5991cb-6414-48c2-906c-c0c6f4a8ccbb,2026-08-02,evening,Sunday,release-13.02-shipping-7-5092570,,Haven,defense,3,1,10.60,229.18,2.10,4068.12,1,2,1,1,no,11.00,146.41,0.54,2937.50,1,1,0,2,yes,,-0.40,82.76,1.56,1130.62,yes,,yes,Sova|Phoenix|Killjoy|Omen|Breach,,54.40,15,,Miks|Jett|Chamber|Sova|Sage,yes,5,,2,,13,3,10
99c082b2-1442-469a-936f-ec9062b22d5e,2026-08-03,evening,Monday,release-13.02-shipping-7-5092570,,Summit,defense,1,2,12.60,239.01,1.17,3820.00,1,1,1,2,yes,12.40,219.87,0.89,3685.36,1,1,1,2,yes,,0.20,19.14,0.28,134.64,yes,,yes,Killjoy|Sage|Phoenix|Tejo|Astra,,49.60,5,,Sage|Cypher|Clove|Yoru|Sova,yes,5,,2,,15,13,2
5c011f6e-2325-4518-ab6e-39be822bb633,2026-08-03,evening,Monday,release-13.02-shipping-7-5092570,,Sunset,attack,2,3,12.80,189.69,0.90,3296.00,1,1,1,2,yes,13.60,189.85,1.02,3630.50,2,1,1,1,no,,-0.80,-0.16,-0.11,-334.50,no,,yes,Killjoy|Gekko|Omen|Raze|Sage,,49.60,5,,Jett|Chamber|Reyna|Clove|Gekko,yes,5,,9,,7,13,-6
4ed11bf5-48e4-4edf-9015-427bda48d3c5,2026-08-04,evening,Tuesday,release-13.02-shipping-8-5215363,,Breeze,defense,1,-1,9.80,211.91,0.87,3198.95,1,1,1,2,yes,12.40,221.18,1.15,3487.89,1,1,1,1,no,,-2.60,-9.27,-0.28,-288.95,no,,yes,Cypher|Omen|Reyna|Sova|Sage,,61.60,15,,Miks|Omen|Cypher|Sova|Reyna,yes,5,,1,,6,13,-7
21377375-0569-4f8e-8ae4-03f1c28b4934,2026-08-04,evening,Tuesday,release-13.02-shipping-8-5215363,,Sunset,defense,2,-2,9.80,238.95,1.34,3447.37,1,1,1,2,yes,11.80,196.63,0.84,3202.63,1,1,1,1,no,,-2.00,42.32,0.51,244.74,yes,,yes,Killjoy|Sova|Sage|Clove|Reyna,,61.60,15,,Miks|Phoenix|Clove|Breach|Cypher,yes,5,,6,,13,6,7
5e0e2b8e-998b-4525-b01e-004489ccfd86,2026-08-05,afternoon,Wednesday,release-13.02-shipping-10-5229475,,Haven,attack,1,1,7.80,215.77,1.20,3767.73,1,2,1,1,no,11.40,192.99,0.87,3451.36,2,1,1,1,yes,,-3.60,22.78,0.33,316.36,yes,,yes,Reyna|Killjoy|Clove|Sova|Breach,,66.40,15,,Neon|Killjoy|Omen|Skye|Reyna,yes,5,,3,,13,9,4
44f2a303-580c-41c1-aac1-548c8aa0a6b6,2026-08-05,evening,Wednesday,release-13.02-shipping-10-5229475,,Split,attack,2,2,7.80,210.38,0.93,3518.18,1,2,1,1,no,12.20,218.46,1.06,3566.82,2,1,1,1,yes,,-4.40,-8.08,-0.12,-48.64,no,,yes,Gekko|Omen|Reyna|Killjoy|Breach,,66.40,15,,Skye|Omen|Sage|Jett|Reyna,yes,5,,4,,9,13,-4
ec245529-e45e-455a-882c-b45de5e60a98,2026-08-07,evening,Friday,release-13.02-shipping-15-5253245,,Breeze,attack,1,-1,9.80,221.88,1.06,3520.43,1,1,1,2,yes,11.60,222.78,0.95,3729.57,1,1,1,1,yes,,-1.80,-0.90,0.12,-209.13,yes,,yes,Sova|Omen|Sage|Cypher|Reyna,,61.60,15,,Jett|Miks|Sage|Sova|Clove,yes,5,,6,,13,10,3
5239ea4c-2c62-48c9-8efe-295d23b7681a,2026-08-07,evening,Friday,release-13.02-shipping-15-5253245,,Summit,attack,2,1,12.20,220.74,1.13,3570.45,1,1,1,2,yes,11.80,213.69,0.94,3554.55,2,1,1,1,yes,,0.40,7.05,0.19,15.91,yes,,yes,Astra|Reyna|Killjoy|Sage|Tejo,,61.60,5,,Sova|Sage|Jett|Iso|Omen,yes,5,,6,,13,9,4
76d45139-f052-410c-b62e-ae3731c7f849,2026-08-08,afternoon,Saturday,release-13.02-shipping-15-5253245,,Split,defense,1,2,12.20,221.98,1.14,3701.15,1,1,1,2,yes,12.20,208.57,0.91,3699.62,2,1,1,1,no,,0.00,13.41,0.23,1.54,yes,,yes,Sage|Phoenix|Killjoy|Skye|Omen,,61.60,5,,Chamber|Raze|Clove|Fade|Phoenix,yes,5,,4,,14,12,2
e635fe67-91b8-4f13-b583-75b6d16dd84f,2026-08-08,evening,Saturday,release-13.02-shipping-15-5253245,,Lotus,attack,2,3,12.20,162.16,0.60,3122.78,1,1,1,2,yes,2.20,238.22,1.59,3670.00,2,1,1,1,no,,10.00,-76.07,-0.99,-547.22,no,,yes,Reyna|Omen|Sage|Gekko|Cypher,,61.60,5,,Killjoy|Reyna|Omen|Gekko|Raze,yes,5,,11,,5,13,-8
486d6373-8298-4296-a6ef-854cda14ea8f,2026-08-09,afternoon,Sunday,release-13.02-shipping-15-5253245,,Ascent,defense,1,-1,12.20,207.46,0.92,3606.79,1,1,1,2,yes,13.20,221.79,1.10,3838.21,2,1,0,0,no,,-1.00,-14.34,-0.18,-231.43,yes,,yes,Omen|Sage|Phoenix|Killjoy|Sova,,61.60,5,,Miks|Phoenix|Sova|Jett|Veto,yes,5,,3,,15,13,2
6e3d5383-2dde-4804-a878-d2ac38f6709e,2026-08-09,evening,Sunday,release-13.02-shipping-15-5253245,,Sunset,attack,2,1,12.40,190.08,0.82,3748.21,2,1,1,1,yes,12.80,226.89,1.23,3613.93,2,1,0,1,no,,-0.40,-36.81,-0.42,134.29,no,,yes,Gekko|Omen|Jett|Reyna|Sage,,61.60,5,,Sova|Phoenix|Miks|Jett|Killjoy,yes,5,,9,,13,15,-2
cf68c61e-9915-4054-b665-99059e54ec18,2026-08-10,afternoon,Monday,release-13.02-shipping-15-5253245,,Summit,attack,1,-1,12.40,224.74,1.08,3743.75,1,1,1,2,yes,10.60,213.86,0.99,3380.42,2,1,0,1,no,,1.80,10.88,0.09,363.33,yes,,yes,Tejo|Reyna|Astra|Sage|Killjoy,,61.60,5,,Raze|Iso|Killjoy|Miks|Breach,yes,5,,17,,13,11,2
d9f72575-9a5c-4a02-94e3-8a09a6873d08,2026-08-10,evening,Monday,release-13.02-shipping-15-5253245,,Haven,defense,2,1,12.40,182.89,0.71,3426.82,1,1,1,2,yes,12.40,240.54,1.48,3743.18,2,0,0,2,yes,,0.00,-57.65,-0.77,-316.36,no,,yes,Killjoy|Sova|Clove|Sage|Reyna,,61.60,5,,Miks|Cypher|Reyna|Sage|Jett,yes,5,,3,,9,13,-4
3b818974-4cf6-4946-bf64-2d27debe05eb,2026-08-11,afternoon,Tuesday,release-13.02-shipping-15-5253245,,Ascent,defense,1,-1,12.40,207.78,0.85,3540.00,1,1,1,2,yes,12.80,226.65,1.26,3840.00,2,1,1,1,no,,-0.40,-18.86,-0.40,-300.00,no,,yes,Sage|Sova|Omen|Phoenix|Killjoy,,61.60,5,,Iso|Sova|Chamber|Omen|Phoenix,yes,5,,6,,12,14,-2
ec1d132a-8336-4f62-a877-e371a7d569ec,2026-08-11,evening,Tuesday,release-13.02-shipping-15-5253245,,Haven,attack,2,-2,12.40,221.01,1.10,3715.50,1,1,1,2,yes,13.20,213.28,0.98,3327.50,2,1,1,1,no,,-0.80,7.73,0.12,388.00,yes,,yes,Killjoy|Sova|Sage|Clove|Reyna,,61.60,5,,Tejo|Jett|Chamber|Clove|Reyna,yes,5,,7,,13,7,6
08fcc908-5f87-4ea7-a64b-37abb0dbb775,2026-08-12,afternoon,Wednesday,release-13.02-shipping-17-5277781,,Sunset,attack,1,1,12.40,225.94,1.33,3643.68,1,1,1,2,yes,12.80,207.18,0.86,3172.11,1,1,1,1,yes,,-0.40,18.76,0.47,471.58,yes,,yes,Killjoy|Sova|Clove|Sage|Neon,,61.60,5,,Tejo|Harbor|Sage|Reyna|Miks,yes,5,,3,,13,6,7
c0377065-2855-4e9e-b917-c3fab0cfdeb1,2026-08-12,evening,Wednesday,release-13.02-shipping-17-5277781,,Summit,defense,2,2,12.40,194.71,0.88,3855.94,1,1,1,2,yes,13.20,216.03,1.14,4053.75,2,1,1,1,no,,-0.80,-21.32,-0.26,-197.81,no,,yes,Killjoy|Astra|Sage|Phoenix|Tejo,,61.60,5,,Omen|Chamber|Gekko|Jett|Reyna,yes,5,,3,,16,16,0
e64487f9-cf14-4f9d-bf2c-59a6bb0aca8b,2026-08-13,afternoon,Thursday,release-13.02-shipping-17-5277781,,Ascent,attack,1,-1,12.40,238.06,1.28,3530.53,1,1,1,2,yes,13.40,193.54,0.79,3513.68,2,1,1,0,no,,-1.00,44.53,0.49,16.84,yes,,yes,Clove|Killjoy|Sage|Sova|Neon,,61.60,5,,Reyna|Sova|Veto|Phoenix|Clove,yes,5,,10,,13,6,7
48369e29-5a39-4695-8cbb-483f4afc80d8,2026-08-13,evening,Thursday,release-13.02-shipping-17-5277781,,Split,attack,2,1,12.80,232.12,1.20,3698.18,1,1,1,2,yes,13.80,200.97,0.88,3539.55,2,1,1,1,yes,,-1.00,31.15,0.33,158.64,yes,,yes,Clove|Neon|Fade|Killjoy|Sage,,61.60,5,,Phoenix|Sage|Reyna|Gekko|Astra,yes,5,,8,,13,9,4
d8d62daa-b169-4db7-a293-0b506ee169fc,2026-08-14,afternoon,Friday,release-13.02-shipping-17-5277781,,Lotus,defense,1,2,12.80,234.13,1.25,3712.86,1,1,1,2,yes,12.80,203.98,0.87,3294.76,2,0,0,1,yes,,0.00,30.15,0.38,418.10,yes,,yes,Fade|Killjoy|Neon|Clove|Sage,,61.60,5,,Sage|Jett|Reyna|Miks|Waylay,yes,5,,4,,13,8,5
807e4ec5-3af4-43ce-93d3-7b4fe33fcdd1,2026-08-14,evening,Friday,release-13.02-shipping-17-5277781,,Split,attack,2,3,13.00,191.28,0.70,3286.84,1,1,1,2,yes,13.20,256.22,1.51,3472.11,2,1,1,1,no,,-0.20,-64.94,-0.81,-185.26,no,,yes,Clove|Fade|Killjoy|Neon|Sage,,61.60,4,,Brimstone|Gekko|Neon|Cypher|Jett,yes,5,,5,,6,13,-7
9cee8eb1-3816-44c2-85b8-5c1dfa814ac2,2026-08-14,evening,Friday,release-13.02-shipping-17-5277781,,Sunset,attack,3,-1,13.00,218.17,1.27,3934.76,3,0,0,0,no,13.00,191.63,0.79,3185.24,2,1,1,1,no,,0.00,26.54,0.48,749.52,yes,,yes,Neon|Miks|Reyna|Waylay|Jett,,61.60,4,,Cypher|Omen|Iso|Tejo|Reyna,yes,5,,5,,13,8,5
bbffcea6-cabf-4c02-b8ae-5b549b40d700,2026-08-15,afternoon,Saturday,release-13.02-shipping-17-5277781,,Summit,attack,1,1,13.20,205.57,1.03,3581.82,1,1,1,2,yes,14.40,209.01,0.98,3586.82,2,1,1,1,no,,-1.20,-3.44,0.05,-5.00,yes,,yes,Killjoy|Tejo|Sage|Astra|Phoenix,,63.20,4,,Raze|Reyna|Clove|Fade|Deadlock,yes,5,,4,,13,9,4
6bee3e5f-1a40-4ab2-8dfc-92bae2f48841,2026-08-15,evening,Saturday,release-13.02-shipping-17-5277781,,Breeze,attack,2,2,13.40,205.35,1.18,3769.09,1,1,1,2,yes,13.40,180.28,0.85,3544.55,2,0,1,2,yes,,0.00,25.06,0.32,224.55,yes,,yes,Sage|Omen|Reyna|Cypher|Sova,,63.20,5,,Sage|Reyna|Chamber|Jett|Brimstone,yes,5,,5,,13,9,4
fec2aaab-bcf0-4192-b43f-df5376c704a1,2026-08-15,evening,Saturday,release-13.02-shipping-17-5277781,,Split,attack,3,3,13.40,208.08,1.12,3633.50,0,1,1,2,yes,13.00,205.74,0.87,3220.00,3,1,1,0,no,,0.40,2.34,0.25,413.50,yes,,yes,Waylay|Killjoy|Omen|Sage|Fade,,63.20,5,,Raze|Jett|Fade|Omen|Phoenix,yes,5,,8,,13,7,6
